Business Name,Category,Address,Phone,Website,Email,Google Maps URL,Rating,Review Count,Social Media URLs,audit_status,error,health_score,max_health_score,opportunity_score,max_opportunity_score,ssl_valid,has_chatbot,chatbot_providers,has_whatsapp,has_lead_form,has_phone_cta,has_appointment_booking,has_trust_signals,has_local_schema,critical_issue_count,high_issue_count,top_issues,fetch_warning
World Gym Chullora,Gym,"Tenancy T8, Chullora Business Park, 62 Hume Hwy, Chullora NSW 2190, Australia",+61 2 9137 4502,https://www.worldgym.com.au/gyms/chullora,,https://www.google.com/maps/place/World+Gym+Chullora/data=!4m7!3m6!1s0x6b12bb477140b41d:0x8b7bcc2c4790f1cf!8m2!3d-33.895996!4d151.0476684!16s%2Fg%2F11h3mmftdt!19sChIJHbRAcUe7EmsRz_GQRyzMe4s,4.8,1394,,OK,,26.9,65,20.0,100,True,False,,False,False,True,False,True,False,0,3,HIGH: Missing recommended security headers.; HIGH: No AI chatbot or live-chat widget detected.; HIGH: No lead-capture form detected.; MEDIUM: No WhatsApp click-to-chat link detected.; MEDIUM: No appointment/booking system detected.,
Next Gen Ryde,Gym,"504A Victoria Rd, Ryde NSW 2112, Australia",+61 2 9334 0000,https://www.nextgenclubs.com.au/location/ryde/,,https://www.google.com/maps/place/Next+Gen+Ryde/data=!4m7!3m6!1s0x6b12a59f41031ae1:0xbb3fa5d6d9cdd622!8m2!3d-33.8214272!4d151.1179207!16s%2Fg%2F1tdw86bl!19sChIJ4RoDQZ-lEmsRItbN2dalP7s,4.4,1033,,OK,,46.6,65,67.5,100,False,True,Facebook Messenger Plugin,False,True,True,False,True,True,1,1,"CRITICAL: SSL certificate is missing, invalid, or expired.; HIGH: Missing recommended security headers.; MEDIUM: No WhatsApp click-to-chat link detected.; MEDIUM: No appointment/booking system detected.; MEDIUM: Many images are missing alt text.",
One Playground Newtown,Gym,"Level 1/672 King St, Newtown NSW 2043, Australia",+61 2 9516 0466,https://oneplayground.com.au/locations/newtown/,,https://www.google.com/maps/place/One+Playground+Newtown/data=!4m7!3m6!1s0x6b12b04bdd91be07:0x33b98355be001f10!8m2!3d-33.9064377!4d151.1814043!16s%2Fg%2F11bv3rnd6h!19sChIJB76R3UuwEmsREB8AvlWDuTM,4.6,753,,OK,,35.0,65,27.5,100,True,False,,False,True,True,False,False,False,0,2,HIGH: Missing recommended security headers.; HIGH: No AI chatbot or live-chat widget detected.; MEDIUM: No WhatsApp click-to-chat link detected.; MEDIUM: No appointment/booking system detected.; MEDIUM: No LocalBusiness (or similar) structured data found.,
One Playground Surry Hills,Gym,"429 Elizabeth St, Surry Hills NSW 2010, Australia",+61 2 9211 3070,https://oneplayground.com.au/locations/surry-hills/,,https://www.google.com/maps/place/One+Playground+Surry+Hills/data=!4m7!3m6!1s0x6b12ae21ae31ce25:0x29fcb555e9cab30f!8m2!3d-33.8857514!4d151.2080545!16s%2Fg%2F1q5bmhjg7!19sChIJJc4xriGuEmsRD7PK6VW1_Ck,4.5,716,,OK,,35.0,65,27.5,100,True,False,,False,True,True,False,False,False,0,2,HIGH: Missing recommended security headers.; HIGH: No AI chatbot or live-chat widget detected.; MEDIUM: No WhatsApp click-to-chat link detected.; MEDIUM: No appointment/booking system detected.; MEDIUM: No LocalBusiness (or similar) structured data found.,
Ultimate Performance Personal Trainers Sydney,Personal trainer,"50 Pitt St, Sydney NSW 2000, Australia",+61 2 9267 5487,https://ultimateperformance.com/au/personal-trainer/sydney,,https://www.google.com/maps/place/Ultimate+Performance+Personal+Trainers+Sydney/data=!4m7!3m6!1s0x6b12ae3c0c2fe977:0x5313ceadd3ebb894!8m2!3d-33.8633205!4d151.2093107!16s%2Fg%2F1pzr_qy13!19sChIJd-kvDDyuEmsRlLjr063OE1M,5.0,673,,OK,,30.9,65,35.0,100,True,False,,False,True,True,False,True,False,0,1,HIGH: No AI chatbot or live-chat widget detected.; MEDIUM: Missing recommended security headers.; MEDIUM: No WhatsApp click-to-chat link detected.; MEDIUM: No appointment/booking system detected.; MEDIUM: Many images are missing alt text.,"page HTML contains a known anti-bot/CAPTCHA marker: ""recaptcha/api.js"". A headless-browser retry did not get past it either — this site likely requires solving a human-facing CAPTCHA/verification step, which this tool does not attempt to bypass. Verify this lead manually in a real browser."
Anytime Fitness St Leonards,Gym,"657 Pacific Hwy, St Leonards NSW 2065, Australia",+61 480 135 029,https://www.anytimefitness.com.au/gyms/au-1041/st-leonards-nsw-2065/,,https://www.google.com/maps/place/Anytime+Fitness+St+Leonards/data=!4m7!3m6!1s0x6b12aedd983f9f51:0xa8a0d316768c245f!8m2!3d-33.8230105!4d151.1950883!16s%2Fg%2F1tfpvdxd!19sChIJUZ8_mN2uEmsRXySMdhbToKg,4.7,641,,OK,,11.1,65,0.0,100,True,False,,False,False,False,False,False,False,2,4,CRITICAL: No mobile viewport meta tag.; CRITICAL: Page is set to noindex.; HIGH: Missing recommended security headers.; HIGH: No AI chatbot or live-chat widget detected.; HIGH: No lead-capture form detected.,
Housed Macquarie Park,Fitness center,"63/65 Waterloo Rd, North Ryde NSW 2113, Australia",+61 1800 771 423,https://housed.com.au/locations/macquarie-park,,https://www.google.com/maps/place/Housed+Macquarie+Park/data=!4m7!3m6!1s0x6b12a7fd07a7946f:0xbfe51a1345e790d4!8m2!3d-33.7820604!4d151.1259033!16s%2Fg%2F11wjgvbgj2!19sChIJb5SnB_2nEmsR1JDnRRMa5b8,4.5,597,,OK,,51.1,65,35.0,100,True,False,,False,True,False,False,True,True,0,2,HIGH: Missing recommended security headers.; HIGH: No AI chatbot or live-chat widget detected.; MEDIUM: No WhatsApp click-to-chat link detected.; MEDIUM: No appointment/booking system detected.; MEDIUM: No clickable phone (tel:) link detected.,
F45 Training Woolloomooloo,Gym,"Lower Ground, 100 William St, Woolloomooloo NSW 2011, Australia",+61 482 081 545,https://www.getgeri.fit/intro/f45-woolloomooloo/guest,,https://www.google.com/maps/place/F45+Training+Woolloomooloo/data=!4m7!3m6!1s0x6b12ae1390f19219:0x3c16fe94e9e2cc88!8m2!3d-33.8743037!4d151.2167459!16s%2Fg%2F11cn7sppkg!19sChIJGZLxkBOuEmsRiMzi6ZT-Fjw,5.0,530,,OK,,29.7,65,10.0,100,True,False,,False,False,False,False,True,False,0,4,HIGH: Missing recommended security headers.; HIGH: HTTP does not redirect to HTTPS.; HIGH: No AI chatbot or live-chat widget detected.; HIGH: No lead-capture form detected.; MEDIUM: No XML sitemap found.,
Fitness Education Online,Physical fitness program,,+61 1300 709 178,https://www.fitnesseducationonline.com.au/,,https://www.google.com/maps/place/Fitness+Education+Online/data=!4m7!3m6!1s0x6b12b84c516227bf:0xc7faa43da4864f6b!8m2!3d-32.205415!4d136.1073692!16s%2Fg%2F11c2k4241g!19sChIJvydiUUy4EmsRa0-GpD2k-sc,5.0,446,,OK,,53.3,65,50.0,100,True,True,Facebook Messenger Plugin,False,False,True,False,True,True,0,1,HIGH: No lead-capture form detected.; MEDIUM: No WhatsApp click-to-chat link detected.; MEDIUM: No appointment/booking system detected.; MEDIUM: Many images are missing alt text.; LOW: LocalBusiness schema is missing opening hours.,"page appears to be an interstitial/verification page or renders its content via JavaScript, and the headless-browser re-fetch did not return meaningfully more content — checks below likely show false negatives (missing title/forms/links etc. that a browser would actually see)"
Anytime Fitness Martin Place,Gym,"80 Elizabeth St, Sydney NSW 2000, Australia",+61 460 331 223,https://www.anytimefitness.com/en-au/membership-inquiry,,https://www.google.com/maps/place/Anytime+Fitness+Martin+Place/data=!4m7!3m6!1s0x6b12af304368a1f7:0xc1578fac7e1015d4!8m2!3d-33.868412!4d151.2107696!16s%2Fg%2F11gh4nrnb3!19sChIJ96FoQzCvEmsR1BUQfqyPV8E,4.7,422,,OK,,13.6,65,0.0,100,True,False,,False,False,False,False,False,False,2,4,CRITICAL: No mobile viewport meta tag.; CRITICAL: Page is set to noindex.; HIGH: Missing recommended security headers.; HIGH: No AI chatbot or live-chat widget detected.; HIGH: No lead-capture form detected.,
Unity Gym Online Pty Ltd,Physical fitness program,"Unit 12/16 MacKenzie St, Lavender Bay NSW 2060, Australia",+61 488 088 110,http://www.unitygym.com/,,https://www.google.com/maps/place/Unity+Gym+Online+Pty+Ltd/data=!4m7!3m6!1s0x6b12aeed8d678473:0x6ed2f6a282e51487!8m2!3d-33.8421306!4d151.2068657!16s%2Fg%2F12q4wxqmr!19sChIJc4Rnje2uEmsRhxTlgqL20m4,5.0,373,,OK,,31.4,65,10.0,100,True,False,,False,False,False,False,True,False,0,3,HIGH: Missing recommended security headers.; HIGH: No AI chatbot or live-chat widget detected.; HIGH: No lead-capture form detected.; MEDIUM: No WhatsApp click-to-chat link detected.; MEDIUM: No appointment/booking system detected.,
City Gym Sydney,Fitness center,"107 Crown St, Darlinghurst NSW 2010, Australia",+61 2 9360 6247,http://www.citygym.com.au/,,https://www.google.com/maps/place/City+Gym+Sydney/data=!4m7!3m6!1s0x6b12ae1407829df3:0xceb07f46f112d1c3!8m2!3d-33.875136!4d151.21602!16s%2Fg%2F1td_5b6b!19sChIJ852CBxSuEmsRw9ES8UZ_sM4,4.6,338,,OK,,43.1,65,30.0,100,True,False,,False,True,True,False,False,True,0,2,HIGH: Missing recommended security headers.; HIGH: No AI chatbot or live-chat widget detected.; MEDIUM: No WhatsApp click-to-chat link detected.; MEDIUM: No appointment/booking system detected.; MEDIUM: Page is missing a meta description.,
Flow Athletic,Fitness center,"Level 1/134 Oxford St, Paddington NSW 2021, Australia",+61 410 107 570,https://flowathletic.com.au/,,https://www.google.com/maps/place/Flow+Athletic/data=!4m7!3m6!1s0x6b12ae053972a7cd:0x7d1d6c981658fa5a!8m2!3d-33.8837756!4d151.2227673!16s%2Fg%2F11h3kd8f9n!19sChIJzadyOQWuEmsRWvpYFphsHX0,4.9,295,,OK,,43.9,65,55.0,100,True,True,Facebook Messenger Plugin,False,True,False,False,True,True,0,1,HIGH: Missing recommended security headers.; MEDIUM: Mixed content: some resources load over insecure HTTP on an HTTPS page.; MEDIUM: No WhatsApp click-to-chat link detected.; MEDIUM: No appointment/booking system detected.; MEDIUM: No clickable phone (tel:) link detected.,
SOMA Health & Wellness Club,Gym,"Aurora Place, Ground Floor/88 Phillip St, Sydney NSW 2000, Australia",+61 2 9169 9849,https://www.somacollection.com.au/,,https://www.google.com/maps/place/SOMA+Health+%26+Wellness+Club/data=!4m7!3m6!1s0x6b12af0a21fdd0c5:0x93752b576b91e2bc!8m2!3d-33.8650775!4d151.2121816!16s%2Fg%2F11j0vqt7mn!19sChIJxdD9IQqvEmsRvOKRa1crdZM,4.9,285,,OK,,45.0,65,15.0,100,True,False,,False,False,True,False,False,True,0,3,HIGH: Missing recommended security headers.; HIGH: No AI chatbot or live-chat widget detected.; HIGH: No lead-capture form detected.; MEDIUM: No WhatsApp click-to-chat link detected.; MEDIUM: No appointment/booking system detected.,
One Playground North Sydney,Gym,"155B Miller St, North Sydney NSW 2060, Australia",+61 1800 496 348,https://oneplayground.com.au/locations/north-sydney/,,https://www.google.com/maps/place/One+Playground+North+Sydney/data=!4m7!3m6!1s0x6b12afe69ece06e5:0x397fc3c8c069ada6!8m2!3d-33.8376841!4d151.2077301!16s%2Fg%2F11m5d6r2fs!19sChIJ5QbOnuavEmsRpq1pwMjDfzk,4.5,272,,OK,,35.0,65,27.5,100,True,False,,False,True,True,False,False,False,0,2,HIGH: Missing recommended security headers.; HIGH: No AI chatbot or live-chat widget detected.; MEDIUM: No WhatsApp click-to-chat link detected.; MEDIUM: No appointment/booking system detected.; MEDIUM: No LocalBusiness (or similar) structured data found.,
Premier Health & Fitness,Gym,"170 Castlereagh St, Sydney NSW 2000, Australia",+61 2 8319 0444,https://premierhealthandfitness.com.au/sydneycbd/,,https://www.google.com/maps/place/Premier+Health+%26+Fitness/data=!4m7!3m6!1s0x6b12ae3e17d22897:0x4375bd352d411fde!8m2!3d-33.8726726!4d151.2093552!16s%2Fg%2F11c6vhc1w6!19sChIJlyjSFz6uEmsR3h9BLTW9dUM,4.6,256,,OK,,40.0,65,52.5,100,True,True,Facebook Messenger Plugin,False,True,True,False,False,False,0,0,MEDIUM: Missing recommended security headers.; MEDIUM: Mixed content: some resources load over insecure HTTP on an HTTPS page.; MEDIUM: No WhatsApp click-to-chat link detected.; MEDIUM: No appointment/booking system detected.; MEDIUM: No LocalBusiness (or similar) structured data found.,
Fernwood Fitness,Personal trainer,"446-454 King Georges Rd, Beverly Hills NSW 2209, Australia",+61 2 9150 0630,https://www.fernwoodfitness.com.au/clubs/beverly-hills,,https://www.google.com/maps/place/Fernwood+Fitness/data=!4m7!3m6!1s0x6b12b9657bba5d1b:0x6bfdbfbef663c96e!8m2!3d-33.9477713!4d151.0796352!16s%2Fg%2F1tfq4tdg!19sChIJG126e2W5EmsRbslj9r6__Ws,4.7,233,,OK,,35.0,65,52.5,100,True,True,Facebook Messenger Plugin,False,True,True,False,False,False,0,1,HIGH: Missing recommended security headers.; MEDIUM: No WhatsApp click-to-chat link detected.; MEDIUM: No appointment/booking system detected.; MEDIUM: Many images are missing alt text.; MEDIUM: No LocalBusiness (or similar) structured data found.,
Anytime Fitness Caringbah,Gym,"28-30 Banksia Rd, Caringbah NSW 2229, Australia",+61 434 499 557,https://www.anytimefitness.com.au/gyms/au-1073/caringbah-nsw-2229/,,https://www.google.com/maps/place/Anytime+Fitness+Caringbah/data=!4m7!3m6!1s0x6b12c7eddf68bd2d:0x2aa7a8678028dd8c!8m2!3d-34.0421369!4d151.1244264!16s%2Fg%2F1tgn4x5_!19sChIJLb1o3-3HEmsRjN0ogGeopyo,4.8,221,,OK,,11.1,65,0.0,100,True,False,,False,False,False,False,False,False,2,4,CRITICAL: No mobile viewport meta tag.; CRITICAL: Page is set to noindex.; HIGH: Missing recommended security headers.; HIGH: No AI chatbot or live-chat widget detected.; HIGH: No lead-capture form detected.,
The Bunker Gym,Gym,"69-81 Foveaux St, Surry Hills NSW 2010, Australia",+61 2 8098 0508,https://oneplayground.com.au/locations/the-bunker/,,https://www.google.com/maps/place/The+Bunker+Gym/data=!4m7!3m6!1s0x6b12af88077aa24f:0xcba2c23b3756f177!8m2!3d-33.8846898!4d151.2108076!16s%2Fg%2F11g07z282_!19sChIJT6J6B4ivEmsRd_FWNzvCoss,4.6,216,,OK,,35.0,65,27.5,100,True,False,,False,True,True,False,False,False,0,2,HIGH: Missing recommended security headers.; HIGH: No AI chatbot or live-chat widget detected.; MEDIUM: No WhatsApp click-to-chat link detected.; MEDIUM: No appointment/booking system detected.; MEDIUM: No LocalBusiness (or similar) structured data found.,
HIIT Nation,Gym,"16/173 Canterbury Rd, Bankstown NSW 2200, Australia",+61 477 383 333,https://www.hiitnationau.com.au/,,https://www.google.com/maps/place/HIIT+Nation/data=!4m7!3m6!1s0x6b12bf644df6db97:0x1433f2b366d1a41e!8m2!3d-33.9336162!4d151.0288358!16s%2Fg%2F11pbdjcb5d!19sChIJl9v2TWS_EmsRHqTRZrPyMxQ,5.0,210,,OK,,47.8,65,30.0,100,True,False,,False,True,False,False,True,True,0,1,HIGH: No AI chatbot or live-chat widget detected.; MEDIUM: Missing recommended security headers.; MEDIUM: No WhatsApp click-to-chat link detected.; MEDIUM: No appointment/booking system detected.; MEDIUM: No clickable phone (tel:) link detected.,
"The Jungle Body Sydney - Circular Quay, CBD, & Darlinghurst,",Physical fitness program,"180 George St, Sydney NSW 2000, Australia",+61 420 427 766,http://www.thejunglebodysydney.com/,,"https://www.google.com/maps/place/The+Jungle+Body+Sydney+-+Circular+Quay,+CBD,+%26+Darlinghurst,/data=!4m7!3m6!1s0x6b12afe7f5b11337:0x4cf65a668a4802e5!8m2!3d-33.8622247!4d151.2084172!16s%2Fg%2F11pr6vj4yn!19sChIJNxOx9eevEmsR5QJIimZa9kw",4.9,207,,OK,,37.6,65,25.0,100,True,False,,False,True,False,False,True,False,0,2,HIGH: Missing recommended security headers.; HIGH: No AI chatbot or live-chat widget detected.; MEDIUM: No WhatsApp click-to-chat link detected.; MEDIUM: No appointment/booking system detected.; MEDIUM: No clickable phone (tel:) link detected.,
BFT Town Hall,Gym,"LG/117 York St, Sydney NSW 2000, Australia",+61 415 130 226,https://l.bft.studio/Town%20Hall/gmb,,https://www.google.com/maps/place/BFT+Town+Hall/data=!4m7!3m6!1s0x6b12afb05b1d94ab:0x96b3ab912331041!8m2!3d-33.8713606!4d151.206091!16s%2Fg%2F11h07m_vn1!19sChIJq5QdW7CvEmsRQRAzErk6awk,4.9,193,,OK,,25.0,65,25.0,100,True,True,Facebook Messenger Plugin,False,False,False,False,False,False,1,2,CRITICAL: Page is set to noindex.; HIGH: Missing recommended security headers.; HIGH: No lead-capture form detected.; MEDIUM: No XML sitemap found.; MEDIUM: No WhatsApp click-to-chat link detected.,"page appears to be an interstitial/verification page or renders its content via JavaScript, and the headless-browser re-fetch did not return meaningfully more content — checks below likely show false negatives (missing title/forms/links etc. that a browser would actually see)"
Combine Air Rozelle,Gym,"1/61-63 Victoria Rd, Rozelle NSW 2039, Australia",+61 408 293 112,https://www.rozelle.combineair.com.au/,,https://www.google.com/maps/place/Combine+Air+Rozelle/data=!4m7!3m6!1s0x6b12afd6a5916055:0xd304776acb81242a!8m2!3d-33.8660378!4d151.1743916!16s%2Fg%2F11kw9zyx33!19sChIJVWCRpdavEmsRKiSBy2p3BNM,5.0,190,,OK,,47.3,65,25.0,100,True,False,,True,False,False,False,False,True,0,3,HIGH: Missing recommended security headers.; HIGH: No AI chatbot or live-chat widget detected.; HIGH: No lead-capture form detected.; MEDIUM: Mixed content: some resources load over insecure HTTP on an HTTPS page.; MEDIUM: No appointment/booking system detected.,
Crew Pilates Co.,Pilates studio,"Shop 1/5 Central Ave, Eveleigh NSW 2015, Australia",+61 475 808 382,https://www.crewpilatesco.com.au/,,https://www.google.com/maps/place/Crew+Pilates+Co./data=!4m7!3m6!1s0x6b12b1ce63ba1def:0xf9dd99752ad260a5!8m2!3d-33.8969852!4d151.1950883!16s%2Fg%2F1pwftk5bx!19sChIJ7x26Y86xEmsRpWDSKnWZ3fk,4.9,189,,OK,,39.8,65,32.5,100,True,False,,False,True,True,False,False,True,0,2,HIGH: Missing recommended security headers.; HIGH: No AI chatbot or live-chat widget detected.; MEDIUM: No WhatsApp click-to-chat link detected.; MEDIUM: No appointment/booking system detected.; MEDIUM: Page is missing a meta description.,
The Outdoor Squad Camperdown,Boot camp,"Mallett St, Camperdown NSW 2050, Australia",+61 402 439 361,https://www.outdoorsquad.com.au/,,https://www.google.com/maps/place/The+Outdoor+Squad+Camperdown/data=!4m7!3m6!1s0x6b12b02f9c1b23fb:0x8b4406d5e17ddfb2!8m2!3d-33.8886018!4d151.176114!16s%2Fg%2F12hznrn7j!19sChIJ-yMbnC-wEmsRst994dUGRIs,5.0,160,,OK,,26.4,65,52.5,100,True,True,Facebook Messenger Plugin,False,False,True,False,True,False,0,2,HIGH: Missing recommended security headers.; HIGH: No lead-capture form detected.; MEDIUM: Mixed content: some resources load over insecure HTTP on an HTTPS page.; MEDIUM: No WhatsApp click-to-chat link detected.; MEDIUM: No appointment/booking system detected.,
Jetts St Leonards,Fitness center,"205 Pacific Hwy, St Leonards NSW 2065, Australia",+61 2 9438 4100,https://jetts.com.au/gym/jetts-st-leonards/,,https://www.google.com/maps/place/Jetts+St+Leonards/data=!4m7!3m6!1s0x6b12aedd92bb3cd9:0xe8b5788da0d02781!8m2!3d-33.822998!4d151.1937866!16s%2Fg%2F11b6vh4l30!19sChIJ2Ty7kt2uEmsRgSfQoI14teg,4.6,160,,OK,,42.7,65,17.5,100,True,False,,False,False,True,False,False,True,0,3,HIGH: Missing recommended security headers.; HIGH: No AI chatbot or live-chat widget detected.; HIGH: No lead-capture form detected.; MEDIUM: No WhatsApp click-to-chat link detected.; MEDIUM: No appointment/booking system detected.,
Club Lime St Peters,Fitness center,"11/19 Unwins Bridge Rd, St Peters NSW 2044, Australia",+61 2 8071 4490,https://www.clublime.com.au/ourclubs/,,https://www.google.com/maps/place/Club+Lime+St+Peters/data=!4m7!3m6!1s0x6b12b05b894ef1dd:0x424e2559c405b423!8m2!3d-33.9132499!4d151.1703033!16s%2Fg%2F11_t28byt!19sChIJ3fFOiVuwEmsRI7QFxFklTkI,4.0,155,,OK,,34.8,65,50.0,100,True,True,Facebook Messenger Plugin,False,True,True,False,False,False,0,1,HIGH: Missing recommended security headers.; MEDIUM: Mixed content: some resources load over insecure HTTP on an HTTPS page.; MEDIUM: No XML sitemap found.; MEDIUM: No WhatsApp click-to-chat link detected.; MEDIUM: No appointment/booking system detected.,
Barry's - Surry Hills,Gym,"66-72 Reservoir St, Surry Hills NSW 2010, Australia",+61 2 8067 0858,https://www.barrysbootcamp.com.au/studios/surry-hills/,,https://www.google.com/maps/place/Barry%27s+-+Surry+Hills/data=!4m7!3m6!1s0x6b12afb4eed3e179:0xdcaef9588e860176!8m2!3d-33.8811061!4d151.209889!16s%2Fg%2F11f6mfkvf7!19sChIJeeHT7rSvEmsRdgGGjlj5rtw,4.6,153,,OK,,25.8,65,2.5,100,True,False,,False,False,False,False,False,False,0,3,HIGH: Missing recommended security headers.; HIGH: No AI chatbot or live-chat widget detected.; HIGH: No lead-capture form detected.; MEDIUM: No WhatsApp click-to-chat link detected.; MEDIUM: No appointment/booking system detected.,
S30 Surry Hills,Fitness center,"Ste 1, Ground Floor/72 Mary St, Surry Hills NSW 2010, Australia",+61 421 970 430,https://s30studio.com.au/surry-hills/,,https://www.google.com/maps/place/S30+Surry+Hills/data=!4m7!3m6!1s0x6b12afd977acb90f:0x9949aa720379031e!8m2!3d-33.8828371!4d151.2098376!16s%2Fg%2F11tryztv4t!19sChIJD7msd9mvEmsRHgN5A3KqSZk,5.0,144,,OK,,30.2,65,15.0,100,True,False,,False,True,False,False,False,False,0,2,HIGH: Missing recommended security headers.; HIGH: No AI chatbot or live-chat widget detected.; MEDIUM: No XML sitemap found.; MEDIUM: No WhatsApp click-to-chat link detected.; MEDIUM: No appointment/booking system detected.,
Anytime Fitness Avalon,Gym,"681 Barrenjoey Rd, Avalon Beach NSW 2107, Australia",+61 437 929 233,https://www.anytimefitness.com/en-au/locations/avalon-new-south-wales-au-1203,,https://www.google.com/maps/place/Anytime+Fitness+Avalon/data=!4m7!3m6!1s0x6b72acd4e97e82f5:0xd34674ce306d3439!8m2!3d-33.6372313!4d151.3298154!16s%2Fg%2F1hc3jpfq9!19sChIJ9YJ-6dSscmsROTRtMM50RtM,4.6,136,,OK,,13.6,65,0.0,100,True,False,,False,False,False,False,False,False,2,4,CRITICAL: No mobile viewport meta tag.; CRITICAL: Page is set to noindex.; HIGH: Missing recommended security headers.; HIGH: No AI chatbot or live-chat widget detected.; HIGH: No lead-capture form detected.,
Soultrain,Fitness center,"51 Cathedral St, Woolloomooloo NSW 2000, Australia",+61 2 5300 2091,https://www.soultrain.net.au/,,https://www.google.com/maps/place/Soultrain/data=!4m7!3m6!1s0x6b12af3aa930a05d:0x5aecf7e2363ca60c!8m2!3d-33.872308!4d151.215586!16s%2Fg%2F11h4y6v27f!19sChIJXaAwqTqvEmsRDKY8NuL37Fo,5.0,131,,OK,,29.4,65,20.0,100,True,False,,False,False,True,False,True,False,0,3,HIGH: Missing recommended security headers.; HIGH: No AI chatbot or live-chat widget detected.; HIGH: No lead-capture form detected.; MEDIUM: No XML sitemap found.; MEDIUM: No WhatsApp click-to-chat link detected.,
Scenic Cycle,Fitness center,"Aurora Place, 88 Phillip St, Sydney NSW 2000, Australia",+61 2 9252 4102,http://www.sceniccycle.com/,,https://www.google.com/maps/place/Scenic+Cycle/data=!4m7!3m6!1s0x6b12ae6a3c3eddbd:0x1141a3eca4d020a0!8m2!3d-33.8648059!4d151.2118971!16s%2Fg%2F11b77ds35n!19sChIJvd0-PGquEmsRoCDQpOyjQRE,5.0,128,,OK,,24.2,65,0.0,100,False,False,,False,False,False,False,False,False,2,3,"CRITICAL: SSL certificate is missing, invalid, or expired.; CRITICAL: No mobile viewport meta tag.; HIGH: Missing recommended security headers.; HIGH: No AI chatbot or live-chat widget detected.; HIGH: No lead-capture form detected.","page appears to be an interstitial/verification page or renders its content via JavaScript, and the headless-browser re-fetch did not return meaningfully more content — checks below likely show false negatives (missing title/forms/links etc. that a browser would actually see)"
CycleBar,Indoor cycling,"Level 1/51 Willoughby Rd, Crows Nest NSW 2065, Australia",+61 488 040 788,https://www.cyclebar.com.au/location/cyclebar-aus-crows-nest,,https://www.google.com/maps/place/CycleBar/data=!4m7!3m6!1s0x6b12af6573211b59:0x74d5269e38c0747d!8m2!3d-33.8260274!4d151.200979!16s%2Fg%2F11s0q20c7d!19sChIJWRshc2WvEmsRfXTAOJ4m1XQ,4.9,127,,OK,,41.1,65,10.0,100,True,False,,False,False,True,False,False,False,0,2,HIGH: No AI chatbot or live-chat widget detected.; HIGH: No lead-capture form detected.; MEDIUM: Missing recommended security headers.; MEDIUM: No WhatsApp click-to-chat link detected.; MEDIUM: No appointment/booking system detected.,
Bootcamp2u,Gym,"Unit 27/332-336 Hoxton Park Rd, Prestons NSW 2170, Australia",+61 452 020 417,https://bootcamp2u.net/contact-us/,,https://www.google.com/maps/place/Bootcamp2u/data=!4m7!3m6!1s0x6b12945ffb495555:0x367040e8f3ed1208!8m2!3d-33.9280744!4d150.88463!16s%2Fg%2F11pcg6q1zw!19sChIJVVVJ-1-UEmsRCBLt8-hAcDY,5.0,122,,FAILED,"HTTPSConnectionPool(host='bootcamp2u.net', port=443): Max retries exceeded with url: /contact-us/ (Caused by ResponseError('too many 500 error responses'))",,,,,,,,,,,,,,,,,
RAWWomen Bootcamp,Boot camp,"14 Vincent Ave, Liverpool NSW 2170, Australia",+61 424 641 125,https://linktr.ee/rawwomen,,https://www.google.com/maps/place/RAWWomen+Bootcamp/data=!4m7!3m6!1s0x86b00eca7e73949b:0x1aba803ef627610e!8m2!3d-33.912546!4d150.9150774!16s%2Fg%2F11vdqf1g8y!19sChIJm5RzfsoOsIYRDmEn9j6Auho,5.0,120,,OK,,41.1,65,25.0,100,True,False,,True,False,False,False,True,False,0,3,HIGH: Missing recommended security headers.; HIGH: No AI chatbot or live-chat widget detected.; HIGH: No lead-capture form detected.; MEDIUM: No appointment/booking system detected.; MEDIUM: No clickable phone (tel:) link detected.,"page HTML contains a known anti-bot/CAPTCHA marker: ""turnstile"". A headless-browser retry did not get past it either — this site likely requires solving a human-facing CAPTCHA/verification step, which this tool does not attempt to bypass. Verify this lead manually in a real browser."
One Hot Yoga & Pilates,Yoga studio,"34 Kellett St, Potts Point NSW 2011, Australia",+61 483 926 191,https://www.onehotyoga.com.au/sydney/start-here/,,https://www.google.com/maps/place/One+Hot+Yoga+%26+Pilates/data=!4m7!3m6!1s0x6b12ae0d118f1325:0xc579cfd6107c0d5c!8m2!3d-33.8742206!4d151.2238076!16s%2Fg%2F11ckdpr35h!19sChIJJROPEQ2uEmsRXA18ENbPecU,4.5,118,,OK,,38.1,65,55.0,100,True,True,Facebook Messenger Plugin,False,True,True,False,False,True,1,1,CRITICAL: Page is set to noindex.; HIGH: HTTP does not redirect to HTTPS.; MEDIUM: No WhatsApp click-to-chat link detected.; MEDIUM: No appointment/booking system detected.; MEDIUM: Many images are missing alt text.,
Club Lime Titanium Pyrmont,Fitness center,"23 Harris St, Pyrmont NSW 2009, Australia",+61 2 8071 4435,https://www.clublime.com.au/ourclubs/,,https://www.google.com/maps/place/Club+Lime+Titanium+Pyrmont/data=!4m7!3m6!1s0x6b12afb28dc4ea57:0x594177457f1ce692!8m2!3d-33.8668966!4d151.1921545!16s%2Fg%2F11j24h4ccp!19sChIJV-rEjbKvEmsRkuYcf0V3QVk,4.3,115,,OK,,34.8,65,50.0,100,True,True,Facebook Messenger Plugin,False,True,True,False,False,False,0,1,HIGH: Missing recommended security headers.; MEDIUM: Mixed content: some resources load over insecure HTTP on an HTTPS page.; MEDIUM: No XML sitemap found.; MEDIUM: No WhatsApp click-to-chat link detected.; MEDIUM: No appointment/booking system detected.,
SHREDD GLEBE,Boot camp,"6 Chapman Rd, Annandale NSW 2038, Australia",+61 450 638 351,https://shreddglebe.com.au/,,https://www.google.com/maps/place/SHREDD+GLEBE/data=!4m7!3m6!1s0x6b12b14a6fad944f:0x1455a2cb2df15d1d!8m2!3d-33.8752166!4d151.1765241!16s%2Fg%2F11k3d2kn6k!19sChIJT5Stb0qxEmsRHV3xLcuiVRQ,5.0,103,,OK,,33.0,65,52.5,100,True,True,Facebook Messenger Plugin,False,True,True,False,False,False,0,1,HIGH: Missing recommended security headers.; MEDIUM: Mixed content: some resources load over insecure HTTP on an HTTPS page.; MEDIUM: No WhatsApp click-to-chat link detected.; MEDIUM: No appointment/booking system detected.; MEDIUM: Many images are missing alt text.,
Barry's - Martin Place,Gym,"20 Elizabeth St, Sydney NSW 2000, Australia",+61 2 8067 9032,https://www.barrysbootcamp.com.au/studios/martin-place/,,https://www.google.com/maps/place/Barry%27s+-+Martin+Place/data=!4m7!3m6!1s0x6b12afd35b87c993:0x9b34f801833f0045!8m2!3d-33.8668578!4d151.2108806!16s%2Fg%2F11h1s97tts!19sChIJk8mHW9OvEmsRRQA_gwH4NJs,4.5,103,,OK,,33.3,65,2.5,100,True,False,,False,False,False,False,False,False,0,3,HIGH: Missing recommended security headers.; HIGH: No AI chatbot or live-chat widget detected.; HIGH: No lead-capture form detected.; MEDIUM: No WhatsApp click-to-chat link detected.; MEDIUM: No appointment/booking system detected.,
HIIT Pilates Studio Surry Hills,Pilates studio,"Level 1/231-233 Commonwealth St, Surry Hills NSW 2010, Australia",+61 451 593 968,https://hiitpilatesstudio.com/,,https://www.google.com/maps/place/HIIT+Pilates+Studio+Surry+Hills/data=!4m7!3m6!1s0x6b12af27f65f0b45:0x5e10b041a6814283!8m2!3d-33.8834175!4d151.2098055!16s%2Fg%2F11y9zk852r!19sChIJRQtf9ievEmsRg0KBpkGwEF4,5.0,102,,OK,,47.3,65,50.0,100,True,True,Facebook Messenger Plugin,False,True,False,False,False,True,0,1,HIGH: Missing recommended security headers.; MEDIUM: Mixed content: some resources load over insecure HTTP on an HTTPS page.; MEDIUM: No WhatsApp click-to-chat link detected.; MEDIUM: No appointment/booking system detected.; MEDIUM: No clickable phone (tel:) link detected.,
The HIIT Movement,Gym,"9/589 Withers Rd, Rouse Hill NSW 2155, Australia",+61 433 733 271,http://www.hiitmovement.com.au/,,https://www.google.com/maps/place/The+HIIT+Movement/data=!4m7!3m6!1s0x6b129f38da881081:0x66c7d0e307e0d925!8m2!3d-33.6744996!4d150.9206819!16s%2Fg%2F11h2x9skjj!19sChIJgRCI2jifEmsRJdngB-PQx2Y,5.0,101,,OK,,35.6,65,30.0,100,True,True,Facebook Messenger Plugin,False,False,False,False,False,True,0,2,HIGH: Missing recommended security headers.; HIGH: No lead-capture form detected.; MEDIUM: No WhatsApp click-to-chat link detected.; MEDIUM: No appointment/booking system detected.; MEDIUM: No clickable phone (tel:) link detected.,
Vicious Cycle,Gym,"Lower Ground, Shop 4/27 Park St, Sydney NSW 2000, Australia",+61 423 706 667,https://www.viciouscycle.com.au/,,https://www.google.com/maps/place/Vicious+Cycle/data=!4m7!3m6!1s0x6b12ad9eb5a3d9e3:0xf867bee2465cc41b!8m2!3d-33.873319!4d151.2087693!16s%2Fg%2F1tdg3cbg!19sChIJ49mjtZ6tEmsRG8RcRuK-Z_g,4.3,99,,OK,,47.7,65,55.0,100,True,True,Facebook Messenger Plugin,False,True,True,False,False,True,0,1,HIGH: Missing recommended security headers.; MEDIUM: No WhatsApp click-to-chat link detected.; MEDIUM: No appointment/booking system detected.; MEDIUM: Many images are missing alt text.; MEDIUM: No visible trust signals (testimonials/reviews) detected.,
FIT Health Clubs Lane Cove,Fitness center,"24-28 Burns Bay Rd, Lane Cove NSW 2066, Australia",+61 2 9420 2815,https://www.fit.com.au/,,https://www.google.com/maps/place/FIT+Health+Clubs+Lane+Cove/data=!4m7!3m6!1s0x6b12af3e7e7b3fb3:0xa62f77f44c411172!8m2!3d-33.8147479!4d151.1690677!16s%2Fg%2F1q5bm3lg0!19sChIJsz97fj6vEmsRchFBTPR3L6Y,4.2,98,,OK,,44.4,65,35.0,100,True,True,Facebook Messenger Plugin,False,False,False,False,False,True,0,2,HIGH: Missing recommended security headers.; HIGH: No lead-capture form detected.; MEDIUM: No WhatsApp click-to-chat link detected.; MEDIUM: No appointment/booking system detected.; MEDIUM: No clickable phone (tel:) link detected.,
Healthy Habit Fitness,Physical fitness program,"Alan Davidson Oval, Sydney Park Rd, St Peters NSW 2043, Australia",+61 424 726 184,http://www.healthyhabit.com.au/,,https://www.google.com/maps/place/Healthy+Habit+Fitness/data=!4m7!3m6!1s0x6b12b04ae62071a3:0xdae789330f78c4ce!8m2!3d-33.9084034!4d151.1876742!16s%2Fg%2F1tmpf28k!19sChIJo3Eg5kqwEmsRzsR4DzOJ59o,4.9,97,,OK,,46.0,65,17.5,100,True,False,,False,False,False,False,True,True,0,3,HIGH: Missing recommended security headers.; HIGH: No AI chatbot or live-chat widget detected.; HIGH: No lead-capture form detected.; MEDIUM: No WhatsApp click-to-chat link detected.; MEDIUM: No appointment/booking system detected.,
SOHO Gym + Recovery,Gym,"Wentworth Connection, Shop B5/2A Bligh St, Sydney NSW 2000, Australia",+61 451 137 819,https://soho.sydney/,,https://www.google.com/maps/place/SOHO+Gym+%2B+Recovery/data=!4m7!3m6!1s0x6b12af0965fc2afb:0x34feeb6bfc77f868!8m2!3d-33.8653689!4d151.210967!16s%2Fg%2F11ylm982rl!19sChIJ-yr8ZQmvEmsRaPh3_Gvr_jQ,4.9,95,,OK,,24.7,65,22.5,100,True,False,,False,False,True,False,True,False,0,3,HIGH: Missing recommended security headers.; HIGH: No AI chatbot or live-chat widget detected.; HIGH: No lead-capture form detected.; MEDIUM: Mixed content: some resources load over insecure HTTP on an HTTPS page.; MEDIUM: No WhatsApp click-to-chat link detected.,
The Outdoor Squad Redfern,Boot camp,"Redfern St, Redfern NSW 2016, Australia",+61 402 439 361,https://www.outdoorsquad.com.au/,,https://www.google.com/maps/place/The+Outdoor+Squad+Redfern/data=!4m7!3m6!1s0x6b12b1cf6dd94b75:0x4984b8c25428ee93!8m2!3d-33.894215!4d151.206108!16s%2Fg%2F11bbw_jygg!19sChIJdUvZbc-xEmsRk-4oVMK4hEk,5.0,91,,OK,,26.4,65,52.5,100,True,True,Facebook Messenger Plugin,False,False,True,False,True,False,0,2,HIGH: Missing recommended security headers.; HIGH: No lead-capture form detected.; MEDIUM: Mixed content: some resources load over insecure HTTP on an HTTPS page.; MEDIUM: No WhatsApp click-to-chat link detected.; MEDIUM: No appointment/booking system detected.,
Let's do it Fitness,Fitness center,"147 Marrickville Rd, Marrickville NSW 2204, Australia",+61 2 9550 9887,http://letsdoitfitness.com.au/,,https://www.google.com/maps/place/Let%27s+do+it+Fitness/data=!4m7!3m6!1s0x6b12b0658d9c8321:0x19d7b29af07180bb!8m2!3d-33.911795!4d151.1596012!16s%2Fg%2F11dxbls96m!19sChIJIYOcjWWwEmsRu4Bx8Jqy1xk,5.0,86,,OK,,44.7,65,40.0,100,True,False,,False,True,True,False,True,True,0,2,HIGH: Missing recommended security headers.; HIGH: No AI chatbot or live-chat widget detected.; MEDIUM: No WhatsApp click-to-chat link detected.; MEDIUM: No appointment/booking system detected.; MEDIUM: Page is missing a meta description.,
HIIT Pilates Studio,Pilates studio,"61-71 Mentmore Ave, Rosebery NSW 2018, Australia",+61 497 172 259,http://hiitpilatesstudio.com/,,https://www.google.com/maps/place/HIIT+Pilates+Studio/data=!4m7!3m6!1s0x6b12b1bb3dda2c45:0xd5bcdd66ac486cf2!8m2!3d-33.9167941!4d151.2028806!16s%2Fg%2F11j51d_3w3!19sChIJRSzaPbuxEmsR8mxIrGbdvNU,4.9,78,,OK,,47.4,65,50.0,100,True,True,Facebook Messenger Plugin,False,True,False,False,False,True,0,1,HIGH: Missing recommended security headers.; MEDIUM: No WhatsApp click-to-chat link detected.; MEDIUM: No appointment/booking system detected.; MEDIUM: No clickable phone (tel:) link detected.; MEDIUM: Many images are missing alt text.,
98 Gym Riley Street,Gym,"98 Riley St, Darlinghurst NSW 2010, Australia",+61 437 436 027,https://www.98training.com/locations/riley-street,,https://www.google.com/maps/place/98+Gym+Riley+Street/data=!4m7!3m6!1s0x6b12ae16bb914f11:0xea74fe267f97a114!8m2!3d-33.8762444!4d151.2150405!16s%2Fg%2F1pwft7r3f!19sChIJEU-RuxauEmsRFKGXfyb-dOo,4.8,73,,OK,,30.2,65,52.5,100,True,True,Facebook Messenger Plugin,False,True,True,False,False,False,0,1,HIGH: Missing recommended security headers.; MEDIUM: No WhatsApp click-to-chat link detected.; MEDIUM: No appointment/booking system detected.; MEDIUM: No LocalBusiness (or similar) structured data found.; MEDIUM: No visible trust signals (testimonials/reviews) detected.,
Ultimate Fitness Centre - 305 Kent & 120 Sussex St Sydney,Gym,"Ground Floor/305 Kent St, Sydney NSW 2000, Australia",+61 409 207 575,http://ultimatefitnesscentre.com.au/,,https://www.google.com/maps/place/Ultimate+Fitness+Centre+-+305+Kent+%26+120+Sussex+St+Sydney/data=!4m7!3m6!1s0x6b12ae47535afccd:0xaa1059521aeefabc!8m2!3d-33.8671257!4d151.2041007!16s%2Fg%2F1tm29tjm!19sChIJzfxaU0euEmsRvPruGlJZEKo,4.9,72,,OK,,28.9,65,12.5,100,True,False,,False,False,True,False,False,False,0,3,HIGH: Missing recommended security headers.; HIGH: No AI chatbot or live-chat widget detected.; HIGH: No lead-capture form detected.; MEDIUM: No XML sitemap found.; MEDIUM: No WhatsApp click-to-chat link detected.,
Stacked Fitness,Personal trainer,"112-118 Parramatta Rd, Camperdown NSW 2050, Australia",+61 430 312 636,https://www.stackedfitness.com.au/,,https://www.google.com/maps/place/Stacked+Fitness/data=!4m7!3m6!1s0x6b12b107d7a66d0f:0x94148eca6b95bf74!8m2!3d-33.8861396!4d151.1784534!16s%2Fg%2F11swk348y5!19sChIJD22m1wexEmsRdL-Va8qOFJQ,5.0,68,,FAILED,"HTTPSConnectionPool(host='www.stackedfitness.com.au', port=443): Max retries exceeded with url: / (Caused by SSLError(SSLCertVerificationError(1, ""[SSL: CERTIFICATE_VERIFY_FAILED] certificate verify failed: Hostname mismatch, certificate is not valid for 'www.stackedfitness.com.au'. (_ssl.c:1081)"")))",,,,,,,,,,,,,,,,,
Barry's - Kings Cross,Gym,"16-18 Bayswater Rd, Potts Point NSW 2011, Australia",+61 2 9167 3902,https://www.barrysbootcamp.com.au/studios/kings-cross/,,https://www.google.com/maps/place/Barry%27s+-+Kings+Cross/data=!4m7!3m6!1s0x6b12af002d88c0bb:0x2e822abb50b7b918!8m2!3d-33.8747951!4d151.2234121!16s%2Fg%2F11h7b8v_b7!19sChIJu8CILQCvEmsRGLm3ULsqgi4,4.5,68,,OK,,33.3,65,2.5,100,True,False,,False,False,False,False,False,False,0,3,HIGH: Missing recommended security headers.; HIGH: No AI chatbot or live-chat widget detected.; HIGH: No lead-capture form detected.; MEDIUM: No WhatsApp click-to-chat link detected.; MEDIUM: No appointment/booking system detected.,
Goddess Outdoor Fitness,Physical fitness program,"Manning St, Rozelle NSW 2039, Australia",+61 419 400 848,http://goddessoutdoorfitness.com.au/free-trial,,https://www.google.com/maps/place/Goddess+Outdoor+Fitness/data=!4m7!3m6!1s0x6b12affbbe07e085:0xe02d73a69a130cc4!8m2!3d-33.8629227!4d151.1639056!16s%2Fg%2F11f7746qqx!19sChIJheAHvvuvEmsRxAwTmqZzLeA,5.0,66,,OK,,25.6,65,37.5,100,True,True,Facebook Messenger Plugin,False,False,True,False,False,False,0,2,HIGH: Missing recommended security headers.; HIGH: No lead-capture form detected.; MEDIUM: No WhatsApp click-to-chat link detected.; MEDIUM: No appointment/booking system detected.; MEDIUM: Page is missing a meta description.,
FIT College: Sydney City Centre,College,"20 Bond St, Sydney NSW 2000, Australia",+61 1300 887 017,https://www.fitcollege.edu.au/locations/sydney-city-centre,,https://www.google.com/maps/place/FIT+College:+Sydney+City+Centre/data=!4m7!3m6!1s0x6b12af853841ea4d:0x358587a6cb38acbe!8m2!3d-33.8645913!4d151.2084985!16s%2Fg%2F11l5qd08t1!19sChIJTepBOIWvEmsRvqw4y6aHhTU,4.9,64,,OK,,20.0,65,0.0,100,True,False,,False,False,False,False,False,False,1,4,CRITICAL: No mobile viewport meta tag.; HIGH: Missing recommended security headers.; HIGH: No AI chatbot or live-chat widget detected.; HIGH: No lead-capture form detected.; HIGH: Page is missing a <title> tag.,
Buggy Bootcamp - Mums and Bubs Fitness,Boot camp,"109 N Steyne, Manly NSW 2095, Australia",+61 421 988 754,https://www.buggybootcamp.com.au/,,https://www.google.com/maps/place/Buggy+Bootcamp+-+Mums+and+Bubs+Fitness/data=!4m7!3m6!1s0x6b12ab0db793d3cb:0x51ff64716d1352da!8m2!3d-33.7896706!4d151.2866843!16s%2Fg%2F12q4qpqjm!19sChIJy9OTtw2rEmsR2lITbXFk_1E,5.0,63,,OK,,43.9,65,45.0,100,True,False,,False,True,True,False,True,True,0,2,HIGH: Missing recommended security headers.; HIGH: No AI chatbot or live-chat widget detected.; MEDIUM: Mixed content: some resources load over insecure HTTP on an HTTPS page.; MEDIUM: No WhatsApp click-to-chat link detected.; MEDIUM: No appointment/booking system detected.,
Genius Fitness Training,Gym,"225A Victoria St, Darlinghurst NSW 2010, Australia",+61 420 346 871,https://www.geniuspersonaltraining.com/,,https://www.google.com/maps/place/Genius+Fitness+Training/data=!4m7!3m6!1s0x6b12afd1fee3494b:0xa75bf962bd1dfded!8m2!3d-33.8762286!4d151.2217263!16s%2Fg%2F11jm4qgfby!19sChIJS0nj_tGvEmsR7f0dvWL5W6c,4.9,61,,OK,,25.8,65,55.0,100,True,True,Facebook Messenger Plugin,False,True,False,True,False,False,0,1,HIGH: Missing recommended security headers.; MEDIUM: No WhatsApp click-to-chat link detected.; MEDIUM: No clickable phone (tel:) link detected.; MEDIUM: No LocalBusiness (or similar) structured data found.; MEDIUM: No visible trust signals (testimonials/reviews) detected.,
Fortis Fit Personal Training,Personal trainer,"28 Lime St, Sydney NSW 2000, Australia",+61 489 078 880,https://www.fortisfit.com.au/,,https://www.google.com/maps/place/Fortis+Fit+Personal+Training/data=!4m7!3m6!1s0x6b12afaf7680a8d3:0xcaedea3ab609502a!8m2!3d-33.8673274!4d151.2020382!16s%2Fg%2F11tp76yzyq!19sChIJ06iAdq-vEmsRKlAJtjrq7co,4.9,61,,OK,,44.1,65,40.0,100,True,False,,False,True,True,False,True,True,0,2,HIGH: Missing recommended security headers.; HIGH: No AI chatbot or live-chat widget detected.; MEDIUM: No XML sitemap found.; MEDIUM: No WhatsApp click-to-chat link detected.; MEDIUM: No appointment/booking system detected.,
Dolly's Bootcamp,Boot camp,"46 Wellington Rd, South Granville NSW 2142, Australia",+61 424 262 422,https://dollysbootcamp.com.au/,,https://www.google.com/maps/place/Dolly%27s+Bootcamp/data=!4m7!3m6!1s0x6b12bce61a6aaaab:0xb8092b8f9a5c2306!8m2!3d-33.8632434!4d151.0112887!16s%2Fg%2F11np3lldzz!19sChIJq6pqGua8EmsRBiNcmo8rCbg,4.9,60,,OK,,47.0,65,30.0,100,True,False,,False,True,True,False,False,True,0,1,HIGH: No AI chatbot or live-chat widget detected.; MEDIUM: Missing recommended security headers.; MEDIUM: No WhatsApp click-to-chat link detected.; MEDIUM: No appointment/booking system detected.; MEDIUM: Many images are missing alt text.,
Haus Of Spin,Indoor cycling,"62-64 Riley St, Darlinghurst NSW 2010, Australia",+61 425 358 428,https://www.hausofspin.com.au/,,https://www.google.com/maps/place/Haus+Of+Spin/data=!4m7!3m6!1s0x6b12af08866aa3c1:0xfd1a664f752a377f!8m2!3d-33.8748288!4d151.2155158!16s%2Fg%2F11l746k2nd!19sChIJwaNqhgivEmsRfzcqdU9mGv0,4.7,59,,FAILED,"HTTPSConnectionPool(host='www.hausofspin.com.au', port=443): Max retries exceeded with url: / (Caused by NameResolutionError(""HTTPSConnection(host='www.hausofspin.com.au', port=443): Failed to resolve 'www.hausofspin.com.au' ([Errno 11001] getaddrinfo failed)""))",,,,,,,,,,,,,,,,,
CrossFit Parramatta,Gym,"3/552 Church St, North Parramatta NSW 2151, Australia",+61 1300 007 874,http://www.rushhour.net.au/,,https://www.google.com/maps/place/CrossFit+Parramatta/data=!4m7!3m6!1s0x6b12a30a124f9d2d:0x7ee99925f6fdcd49!8m2!3d-33.798423!4d151.003207!16s%2Fg%2F1tglhgms!19sChIJLZ1PEgqjEmsRSc399iWZ6X4,4.8,56,,OK,,33.9,65,30.0,100,True,False,,False,True,True,False,False,True,0,2,HIGH: Missing recommended security headers.; HIGH: No AI chatbot or live-chat widget detected.; MEDIUM: No WhatsApp click-to-chat link detected.; MEDIUM: No appointment/booking system detected.; MEDIUM: Many images are missing alt text.,
