Business_Name,Status
MUAY GYM,memberships@muay.com.au,Not Replied
Movement Martial Arts,info@movementmartialarts.com.au,Not Replied
Eight LIMBS,info@eightlimbs.com.au,Not Replied
Epic MuayThai Academy,info@epicmuaythaiacademy.com.au,Not Replied
STRONGER BOXING,contact@strongerboxing.com,Not Replied
UBX Newtown,newtown@ubxtraining.com.au,Not Replied
"Apex MMA, Muay Thai & Jiu-Jitsu",info@apexmma.com.au,Not Replied
ELITE MARTIAL ARTS Sydney,elitemartialartsnsw@gmail.com,Not Replied
MSP Muay Thai Gym,admin@mspmuaythaigym.com.au,Not Replied
Maneema Muay Thai,hello@mamuaythai.com.au,Not Replied
PTJ Muaythai Gym - Gladesville,info@ptjmuaythai.com.au,Not Replied
Get Smart Boxing Gym,getsmartboxing@outlook.com,Not Replied
Legends Gym,info@legendsgym.org,Not Replied
Straight Blast Australia,straightblastgymaustralia@gmail.com,Not Replied
No Quarter Boxing Gym,info@noquarter.com.au,Not Replied
All Time Boxing,alltimeboxing19@gmail.com,Not Replied
Sitshoothon Muay Thai,sitshoothonmuaythaiboxing@gmail.com,Not Replied
Nitrixx Fitness,nitrixx@live.com.au,Not Replied
BANG BANG MUAY THAI,2060northsydney@bikinibods.com.au,Not Replied
EASTSIDE MUAY THAI,info@eastsidemuaythai.com.au,Not Replied
Bulldog Gym Manly,info@thaiboxing.com.au,Not Replied
Kick Punch Submit,kickpunchsubmit@gmail.com,Not Replied
Flow Sparring,admin@flowsparring.com,Not Replied
Cortex MMA,admin@cortextrainingacademy.com.au,Not Replied
Family Self Defence Parramatta,info@familyselfdefence.com.au,Not Replied
Fight Gym,admin@fightgym.com.au,Not Replied
Bondi Boxing Club,info@killaprofessional.com,Not Replied
Moala Boxing Academy,team@moalaboxingacademy.com,Not Replied
Australian Kickboxing Academy,info@akaoz.com.au,Not Replied
JWK Martial Arts,jwksydney@gmail.com,Not Replied
"Team L.A.U Boxing, Kickboxing and Muay Thai",info@teamlau.com.au,Not Replied
Ultimate Fitness Centre,info@ultimatefitnesscentre.com.au,Not Replied
Bulldog Gym Parramatta,info@bulldoggymparramatta.com.au,Not Replied
Power Core MMA Gym,info@powercoremma.com.au,Not Replied
Cabra Muay Thai,info@cabramuaythai.com.au,Not Replied
SPC Muay Thai Gym,info@spcmuaythai.com.au,Not Replied
KICKS Martial Arts,martialarts@kicksgroup.com.au,Not Replied
Zeus International Martial Arts Academy,info@zeusacademy.com.au,Not Replied
Martial Arts Research Academy - MARA Prospect,info@maracademy.com.au,Not Replied
North Shore Boxing Club,info@northshoreboxingclub.com,Not Replied
