Business Name,Website,Phone,Email,Priority,Top Problem,Evidence,Recommended Pitch,Outreach Message
Crunch Fitness Mortdale,https://www.crunch.com.au/our-clubs/mortdale/,+61 2 8088 8806,,HOT,lead-capture form,"Missing: lead-capture form, online appointment booking | Audit issues: 3 high | Health 46.6/65 | Opportunity 55/100",PHONE_OUTREACH,"Hi there, I was looking at Crunch Fitness Mortdale and noticed there’s no place for visitors to leave their details if they’re not ready to call.
If someone lands on the site in the evening wanting to join a class but prefers to email later, they won’t find any form to drop their name or phone and have to keep searching.
They’ll likely switch to a rival gym that offers an easy sign‑up form and get captured there.
The site currently lacks a lead‑capture form.
We can add a WhatsApp‑linked AI chat that asks for name, email and phone the moment a visitor arrives, storing the lead for you.
Would you like a quick 60‑second example of how this could work for Crunch Fitness Mortdale?"
One Playground Surry Hills,https://oneplayground.com.au/locations/surry-hills/,+61 2 9211 3070,surryhills@oneplayground.com.au,HOT,AI chatbot / instant replies,"Missing: AI chatbot / instant replies, online appointment booking | Audit issues: 3 high | Health 35/65 | Opportunity 27.5/100",EMAIL_OUTREACH,"Hi there, I was looking at One Playground Surry Hills and noticed there is no instant way to get answers on the site.
A potential member browsing at 8 pm asks about today’s spin class, but there’s no chatbot or WhatsApp link, so they get no reply.
They leave and book with a nearby gym that offers an instant chat, getting the info right away.
Without an instant reply option, visitors can’t get quick answers.
A simple AI‑powered chatbot that also connects to WhatsApp can answer questions instantly, even after hours.
Would you like a 60‑second example of how this could work for One Playground Surry Hills?"
Anytime Fitness Surry Hills,https://www.anytimefitness.com.au/gyms/au-1099/surry-hills-nsw-2010/,+61 466 409 760,,HOT,lead-capture form,"Missing: AI chatbot / instant replies, lead-capture form, tap-to-call button, online appointment booking | Audit issues: 2 critical, 4 high | Health 11.1/65 | Opportunity 0/100",PHONE_OUTREACH,"Hi there, I was looking at Anytime Fitness Surry Hills and noticed there is no place on the site for a visitor to leave their details if they aren’t ready to call.
Imagine someone browsing late in the evening, interested in a membership, and wanting to ask a quick question but not wanting to pick up the phone right then.
They leave the page and later sign up with a nearby gym that offers a simple contact form to capture their info.
The site currently lacks a lead‑capture form.
We can add an AI‑driven WhatsApp lead capture widget that records their name and phone and replies instantly.
Would you be open to a 60‑second example for Anytime Fitness Surry Hills?"
F45 Training Woolloomooloo,https://www.getgeri.fit/intro/f45-woolloomooloo/guest,+61 482 081 545,,COLD,lead-capture form,"Missing: AI chatbot / instant replies, lead-capture form, tap-to-call button, online appointment booking | Audit issues: 4 high | Health 29.7/65 | Opportunity 10/100",PHONE_OUTREACH,"Hi there, I was looking at F45 Training Woolloomooloo and noticed there’s no place for visitors to leave their contact details.
Someone visits the site after hours, wants to join a class, and can’t find a form to submit their name or email. They end up leaving the page.
A competitor that offers a quick lead‑capture form grabs the inquiry instead, so the gym loses a potential member.
The site doesn’t capture leads from people who aren’t ready to call.
A simple AI‑powered WhatsApp widget can collect names, phones and emails instantly, even after hours.
Would you like a 60‑second example of how this could work for F45 Training Woolloomooloo?"
Anytime Fitness Hyde Park,https://www.anytimefitness.com/en-au/membership-inquiry,+61 413 252 695,,HOT,lead-capture form,"Missing: AI chatbot / instant replies, lead-capture form, tap-to-call button, online appointment booking | Audit issues: 2 critical, 4 high | Health 13.6/65 | Opportunity 0/100",PHONE_OUTREACH,"Hi there, I was looking at Anytime Fitness Hyde Park and noticed there’s no place for visitors to leave their contact details.
Imagine someone browsing after work, wants to join the gym but isn’t ready to call, and can’t find any form to drop their email or phone.
They walk away and book a trial at a nearby gym that has a simple sign‑up form ready for them.
The site currently lacks a lead‑capture form.
Adding a quick WhatsApp‑linked lead capture form that pops up instantly lets prospects leave their info any time, even after hours.
Would you like a 60‑second example of how this could work for Anytime Fitness Hyde Park?"
ONYX Gym & Fitness,https://onyxgym.com.au/,+61 2 9184 7762,train@onyxgym.com.au,HOT,online appointment booking,Missing: online appointment booking | Audit issues: 2 high | Health 45/65 | Opportunity 55/100,EMAIL_OUTREACH,"Hi there, I was looking at ONYX Gym & Fitness and noticed there is no way to book a session online.
A potential member browsing on a Saturday evening wants to schedule a personal training slot, but the site only shows a phone number and no booking button, so they can’t reserve a time then.
They leave and book with a nearby gym that offers 24/7 online booking, so ONYX loses the lead.
Without an online appointment system, visitors can’t secure a spot after hours.
I can add a simple WhatsApp‑linked booking bot that lets clients pick times instantly, even when the gym is closed.
Would you like a 60‑second example of how this could work for ONYX Gym & Fitness?"
Camperdown Fitness,https://camperdownfitness.trialus.com.au/,+61 2 8594 2900,,COLD,tap-to-call button,"Missing: AI chatbot / instant replies, tap-to-call button, online appointment booking | Audit issues: 2 high | Health 38.3/65 | Opportunity 15/100",PHONE_OUTREACH,"Hi there, I was looking at Camperdown Fitness and noticed there is no tap-to-call button on the site.
A potential member browsing on their phone at 8 pm wants to call right away to ask about membership rates, but they have to scroll through the page to find a number and then copy‑paste it.
They leave and call a nearby gym that has a one‑tap phone link, so they get the info instantly.
Without a tap‑to‑call link, mobile visitors must hunt for a number.
I can add a WhatsApp‑enabled tap‑to‑call button that lets anyone start a call or chat with a single tap, 24/7.
Would you like a 60‑second example of how this would work for Camperdown Fitness?"
Fitness First Kings Cross Platinum,https://www.fitnessfirst.com.au/clubs/kings-cross-platinum/,+61 2 8114 3600,,HOT,lead-capture form,"Missing: AI chatbot / instant replies, lead-capture form, online appointment booking | Audit issues: 5 high | Health 39.5/65 | Opportunity 12.5/100",PHONE_OUTREACH,"Hi there, I was looking at Fitness First Kings Cross Platinum and noticed there is no place for visitors to leave their contact details.
Imagine a potential member browsing the site on a weekday evening, interested in a membership but not ready to call. They scroll for a form to drop their email and phone, but none exists.
They leave the site and later find a nearby gym that offers a simple sign‑up form, so they give their info there instead.
Without a lead‑capture form, you lose prospects who prefer to reach out later.
I can add an AI‑powered WhatsApp lead capture widget that lets visitors submit their details instantly and stores them for follow‑up.
Would you like a 60‑second example of how this could work for Fitness First Kings Cross Platinum?"
City Gym Sydney,http://www.citygym.com.au/,+61 2 9360 6247,reception@citygym.com.au,WARM,AI chatbot / instant replies,"Missing: AI chatbot / instant replies, online appointment booking | Audit issues: 4 high | Health 43.1/65 | Opportunity 30/100",EMAIL_OUTREACH,"Hi there, I was looking at City Gym Sydney and noticed there is no instant answer option after hours.
A potential member browsing at 9 pm wants to know tonight’s class schedule, but there is no chatbot or WhatsApp link to get an immediate reply.
They leave the site and book with a nearby gym that offers an instant chat, so you lose the lead.
The site currently lacks an instant answer channel.
I can add an AI‑powered WhatsApp chatbot that answers queries instantly, day or night, and captures contact details.
Would you be open to a 60‑second example for City Gym Sydney?"
Anytime Fitness Redfern,https://club.anytimefitness.com.au/redfern-nsw,+61 456 460 970,,HOT,lead-capture form,"Missing: AI chatbot / instant replies, lead-capture form, tap-to-call button, online appointment booking | Audit issues: 2 critical, 4 high | Health 11.1/65 | Opportunity 0/100",PHONE_OUTREACH,"Hi there, I was looking at Anytime Fitness Redfern and noticed there is no place for visitors to leave their contact details.
A potential member browsing at 8 pm on their phone wants to get more info but can’t find a form to submit their phone or email.
They leave the site and end up contacting a nearby gym that has a simple sign‑up form, so the competitor gets the lead.
Without a lead‑capture form the gym loses inquiries that aren’t ready to call.
I can add an AI‑powered WhatsApp lead capture widget that lets visitors instantly drop their details, even after hours.
Would you like a 60‑second example for Anytime Fitness Redfern?"
Flow Athletic,https://flowathletic.com.au/,+61 410 107 570,reception@flowathletic.com,WARM,tap-to-call button,"Missing: tap-to-call button, online appointment booking | Audit issues: 2 high | Health 43.9/65 | Opportunity 55/100",EMAIL_OUTREACH,"Hi there, I was looking at Flow Athletic and noticed there is no tap-to-call button on the site.
If a potential member lands on the mobile site in the evening wanting to call about class times, they have to scroll, find the number, and manually dial.
A nearby gym that shows a one‑tap call button lets them connect instantly, so they book there instead.
Without a tap‑to‑call button the site adds friction for mobile callers.
I can add a simple tap‑to‑call button that also links to WhatsApp for instant replies, removing that barrier.
Would you like a 60‑second example of how this would work for Flow Athletic?"
SOMA Health & Wellness Club,https://www.somacollection.com.au/,+61 2 9169 9849,hello@somacollection.com.au,HOT,lead-capture form,"Missing: AI chatbot / instant replies, lead-capture form, online appointment booking | Audit issues: 5 high | Health 45/65 | Opportunity 15/100",EMAIL_OUTREACH,"Hi there, I was looking at SOMA Health & Wellness Club and noticed there is no place on the site for a visitor to leave their contact details if they aren’t ready to call.
Imagine a potential member browsing at 8 pm, interested in a class schedule, and clicking around but finding no form to type their name or email.
They leave the page and later sign up with a nearby gym that offers a quick “Leave your details” form.
The site currently has no way to capture those leads.
I can add an AI‑powered WhatsApp lead‑capture widget that lets visitors submit their info instantly, even after hours.
Would you like a 60‑second example for SOMA Health & Wellness Club?"
Premier Health & Fitness,https://premierhealthandfitness.com.au/sydneycbd/,+61 2 8319 0444,reception@premierhealthandfitness.com.au,HOT,online appointment booking,Missing: online appointment booking | Audit issues: 2 high | Health 40/65 | Opportunity 52.5/100,EMAIL_OUTREACH,"Hi there, I was looking at Premier Health & Fitness and noticed there’s no online appointment booking on the site.
If a potential member visits the site at 7 pm looking to book a personal training slot, they won’t find any way to schedule it.
They’ll likely leave and book with a nearby gym that lets them pick a time online right then.
The site currently can’t capture bookings after hours.
I can add an AI‑driven WhatsApp booking bot that lets visitors book classes instantly, day or night.
Would you be open to a 60‑second example for Premier Health & Fitness?"
肌肌练大大,https://www.clublime.com.au/ourclubs/,+61 2 8071 4470,,WARM,online appointment booking,Missing: online appointment booking | Audit issues: 2 high | Health 34.8/65 | Opportunity 50/100,PHONE_OUTREACH,"Hi there, I was looking at 肌肌练大大 and noticed you don’t have an online appointment booking option.
A potential member browsing the site at 8 pm after work wants to reserve a class but sees no way to book outside your open hours.
They leave and book with a nearby gym that lets them schedule instantly online.
Without online booking, evening visitors can’t secure a spot.
We can add a WhatsApp‑linked booking bot that lets clients pick times any hour and sends a confirmation message instantly.
Would you like a 60‑second example for 肌肌练大大?"
Flat White Fitness,http://flatwhitecrossfit.com/,+61 468 081 848,,WARM,lead-capture form,"Missing: AI chatbot / instant replies, lead-capture form, online appointment booking | Audit issues: 4 high | Health 31.4/65 | Opportunity 12.5/100",PHONE_OUTREACH,"Hi there, I was looking at Flat White Fitness and noticed there’s no place for visitors to leave their contact details.
A potential member browsing on their phone at 8 pm wants to get more info but isn’t ready to call, so they can’t submit their email or phone number.
They leave the site and book a trial at a nearby gym that has a simple sign‑up form, so the competitor gets the lead.
You currently have no lead‑capture form on the site.
We can add an AI‑powered WhatsApp lead‑capture widget that lets visitors instantly drop their details and receive a quick reply.
Would you like a 60‑second example of how this could work for Flat White Fitness?"
Breakthrough Fitness Australia,https://bt-merchandise-and-fitness-accessories.myshopify.com/,+61 400 626 308,,HOT,AI chatbot / instant replies,"Missing: AI chatbot / instant replies, tap-to-call button, online appointment booking | Audit issues: 1 high | Health 47/65 | Opportunity 27.5/100",PHONE_OUTREACH,"Hi there, I was looking at Breakthrough Fitness Australia and noticed no instant answer option after hours.
A visitor browsing at 8 pm wants to know today’s class times, clicks to ask, but finds no chat or quick reply.
They leave the page and book with a nearby gym that offers an instant chatbot, so you lose the lead.
The site currently offers no instant reply.
I can add an AI‑powered WhatsApp chatbot that answers questions instantly anytime, day or night.
Would you like a 60‑second example for Breakthrough Fitness Australia?"
168 Sydney City,http://crossfit168.com.au/,+61 404 411 581,example@mysite.com,WARM,AI chatbot / instant replies,"Missing: AI chatbot / instant replies, tap-to-call button, online appointment booking | Audit issues: 2 high | Health 47.6/65 | Opportunity 20/100",EMAIL_OUTREACH,"Hi there, I was looking at 168 Sydney City and noticed there is no instant reply option for visitors.
A potential member browsing at 9 pm asks about class times and finds no way to get an immediate answer, so they wait.
They leave the page and later sign up with a nearby gym that offers a live chat bot.
The site simply lacks an instant answer channel.
Adding an AI‑powered WhatsApp chatbot would reply instantly to queries any time, improving lead capture.
Would you like a 60‑second example for 168 Sydney City?"
RIG Movement,https://www.rigmovement.com/,+61 401 434 785,hello@rigmovement.com,WARM,lead-capture form,"Missing: lead-capture form, online appointment booking | Audit issues: 4 high | Health 47.3/65 | Opportunity 45/100",EMAIL_OUTREACH,"Hi there, I was looking at RIG Movement and noticed there’s no place for visitors to leave their contact details if they’re not ready to call.
Imagine someone browsing the site at night, interested in a personal training package, but they can’t drop their email or phone because there’s no lead form.
They’ll likely switch to a nearby gym that offers a quick sign‑up form and get in touch right away.
RIG Movement currently lacks a lead‑capture form.
I can add a simple AI‑powered WhatsApp lead form that captures emails and phone numbers instantly, even after hours.
Would you like a 60‑second example for RIG Movement?"
BFT Town Hall,https://bft.studio/town-hall/gmb,+61 415 130 226,,HOT,lead-capture form,"Missing: lead-capture form, tap-to-call button, online appointment booking | Audit issues: 1 critical, 2 high | Health 25/65 | Opportunity 25/100",PHONE_OUTREACH,"Hi there, I was looking at BFT Town Hall and noticed there is no place for visitors to leave their details if they aren't ready to call.
Imagine a potential member browsing at night, wanting to join a class, but sees no form to drop their name or phone number.
They leave the site and book with a nearby gym that offers a quick sign‑up form.
The site currently lacks a lead‑capture form.
We can add a simple WhatsApp‑linked lead capture widget that collects names and numbers instantly.
Would you like a 60‑second example for BFT Town Hall?"
Plus Fitness 24/7,https://www.plusfitness.com.au/gyms/market-st--sydney-cbd/,+61 2 9264 0777,marketst@plusfitness.com.au,COLD,lead-capture form,"Missing: AI chatbot / instant replies, lead-capture form, online appointment booking | Audit issues: 5 high | Health 51.1/65 | Opportunity 20/100",EMAIL_OUTREACH,"Hi there, I was looking at Plus Fitness 24/7 and noticed there’s no place on the site for visitors to leave their details if they’re not ready to call.
Imagine a potential member browsing at 9 pm, wanting to join a class but seeing only a phone number they can’t use until morning.
They leave the page and sign up with a nearby gym that offers a quick form to capture their name and phone.
The site currently lacks a lead‑capture form.
We can add an AI‑driven WhatsApp lead capture that lets visitors submit their info instantly, even after hours.
Would you like a 60‑second example of how this could work for Plus Fitness 24/7?"
CrossFit New Beginning,http://www.crossfitnewbeginning.com.au/,+61 483 938 770,admin@crossfitnewbeginning.com.au,HOT,lead-capture form,"Missing: lead-capture form, online appointment booking | Audit issues: 4 high | Health 46.4/65 | Opportunity 45/100",EMAIL_OUTREACH,"Hi there, I was looking at CrossFit New Beginning and noticed there’s no place for visitors to leave their details if they’re not ready to call.
Imagine a potential member browsing at 8 pm, wanting to try a class, and seeing no form to submit their name or phone.
They leave the site and sign up with a nearby gym that offers a quick sign‑up form.
There’s no lead‑capture form on the site.
I can add an AI‑powered WhatsApp lead capture that lets prospects drop their info instantly, even after hours.
Would you like a 60‑second example for CrossFit New Beginning?"
AGOGA,http://www.agoga.com.au/,+61 415 604 726,hello@agoga.com.au,HOT,lead-capture form,"Missing: lead-capture form, online appointment booking | Audit issues: 4 high | Health 43.1/65 | Opportunity 40/100",EMAIL_OUTREACH,"Hi there, I was looking at AGOGA and noticed there is no place for visitors to leave their contact details if they aren’t ready to call.
Imagine a potential member browsing the class schedule in the evening, wants to get more info, but can’t find a form to type their name and phone.
They leave the site and book with a nearby gym that has a quick sign‑up form.
The site currently lacks a lead‑capture form.
I can add a simple AI‑driven WhatsApp lead capture that lets anyone drop their details instantly and stores them for follow‑up.
Would you be open to a 60‑second example for AGOGA?"
F45 Training Darlinghurst,https://f45training.com/au/studio/darlinghurst/,+61 413 174 079,darlinghurst@f45training.com.au,HOT,online appointment booking,Missing: online appointment booking | Audit issues: 2 high | Health 53.3/65 | Opportunity 67.5/100,EMAIL_OUTREACH,"Hi there, I was looking at F45 Training Darlinghurst and noticed no way to book a class online.
A potential member visits the site at 8 pm, wants to reserve a spot for a class tomorrow, but there’s no booking button or form.
They leave the page and book with a nearby gym that offers 24/7 online scheduling.
Without online booking, you lose those evening inquiries.
A simple AI‑powered WhatsApp booking bot can let visitors schedule classes instantly, even after hours.
Would you like a 60‑second example for F45 Training Darlinghurst?"
Be Athletic City,https://beathleticfitness.com.au/locations-sydney-CBD,+61 414 458 744,city@beathleticfitness.com.au,HOT,lead-capture form,"Missing: AI chatbot / instant replies, lead-capture form, online appointment booking | Audit issues: 5 high | Health 25.8/65 | Opportunity 12.5/100",EMAIL_OUTREACH,"Hi there, I was looking at Be Athletic City and noticed there is no place for visitors to leave their contact details.
A potential member browsing the site in the evening wants to request more information but can’t find a form to submit their email or phone.
They leave the page and sign up with a nearby gym that has a simple lead form, so you lose that prospect.
Without a lead‑capture form the site offers no way to collect inquiries from people who aren’t ready to call.
I can add an AI‑powered WhatsApp lead capture widget that lets visitors instantly drop their details and receive a reply.
Would you like a 60‑second example of how this could work for Be Athletic City?"
S30 Surry Hills,https://s30studio.com.au/surry-hills/,+61 421 970 430,email@website.com,HOT,AI chatbot / instant replies,"Missing: AI chatbot / instant replies, tap-to-call button, online appointment booking | Audit issues: 2 high | Health 30.2/65 | Opportunity 15/100",EMAIL_OUTREACH,"Hi there, I was looking at S30 Surry Hills and noticed there is no instant chat or WhatsApp option for quick answers.
If a potential member lands on the site at 8 pm looking to book a trial class, they won’t get an immediate response and have to wait until morning.
Meanwhile a nearby gym with an instant chat answers right away and secures the signup.
The lack of an instant answer channel means visitors drop off.
A simple AI‑powered chatbot with WhatsApp click‑to‑chat can reply instantly, capture leads and schedule follow‑ups.
Would you like a 60‑second example of how this could work for S30 Surry Hills?"
G-Force CrossFit,http://gforcecrossfit.com.au/,+61 403 914 346,info@gforcecrossfit.com.au,WARM,lead-capture form,"Missing: lead-capture form, online appointment booking | Audit issues: 2 high | Health 44.7/65 | Opportunity 55/100",EMAIL_OUTREACH,"Hi there, I was looking at G-Force CrossFit and noticed there is no place for visitors to leave their details if they aren’t ready to call.
A potential member browsing the site on a weekday evening wants to learn about membership options, clicks the contact button, but finds no form to type their name or phone.
They leave the page and later sign up with another gym that lets them drop their info instantly.
The site currently lacks a simple lead‑capture form.
I can add an AI‑driven WhatsApp lead capture widget that lets visitors submit their contact info at any time and stores it for you.
Would you be open to a 60‑second example for G-Force CrossFit?"
Soultrain,https://www.soultrain.net.au/,+61 2 5300 2091,info@soultrain.net.au,HOT,lead-capture form,"Missing: AI chatbot / instant replies, lead-capture form, online appointment booking | Audit issues: 3 high | Health 29.4/65 | Opportunity 20/100",EMAIL_OUTREACH,"Hi there, I was looking at Soultrain and noticed there’s no place for visitors to leave their details if they aren’t ready to call.
Imagine someone browsing at 8 pm, interested in a personal‑training package, but they don’t want to pick up the phone. They scroll for a contact form, find none, and give up.
A nearby gym that shows a quick lead‑capture form will grab that prospect instead.
Soultrain currently lacks a lead‑capture form.
We can add an AI‑powered WhatsApp lead capture widget that lets visitors submit their name, email, and goals instantly, even after hours.
Would you like a 60‑second example of how this could work for Soultrain?"
Kindred Training,http://kindredtraining.com.au/,+61 411 386 389,info@kindredtraining.com.au,HOT,tap-to-call button,"Missing: tap-to-call button, online appointment booking | Audit issues: 1 high | Health 43.1/65 | Opportunity 45/100",EMAIL_OUTREACH,"Hi there, I was looking at Kindred Training and noticed there is no tap-to-call button on the site.
A potential member browsing on their phone in the evening wants to ask about class times, taps the contact area and can’t instantly call because the number isn’t clickable.
They end up searching for another gym that shows a tap‑to‑call link and call them instead.
The site currently doesn’t let visitors call with a single tap.
We can add an AI‑powered WhatsApp click‑to‑chat button that also provides a tap‑to‑call link, giving instant phone access on mobile.
Would you be open to a 60‑second example for Kindred Training?"
InnerWest CrossFit,https://www.innerwestcrossfit.com.au/,+61 450 283 376,hello@innerwestcrossfit.com.au,HOT,lead-capture form,"Missing: lead-capture form, tap-to-call button, online appointment booking | Audit issues: 3 high | Health 46.1/65 | Opportunity 32.5/100",EMAIL_OUTREACH,"Hi there, I was looking at InnerWest CrossFit and noticed there is no place for visitors to leave their contact details if they aren't ready to call.
A potential member browsing the site in the evening wants to learn about class times, but after scrolling they find no form to type their name or phone.
They leave the page and sign up with a nearby gym that offers a quick sign‑up form.
The site currently lacks a lead‑capture form.
I can add a simple AI‑powered WhatsApp lead capture that lets visitors drop their info and receive an instant reply.
Would you like a 60‑second example for InnerWest CrossFit?"
Snap Fitness 24/7 Sydney City,https://www.snapfitness.com/au/gyms/sydney-city,+61 451 433 436,sydneycity@snapfitness.com.au,HOT,lead-capture form,"Missing: AI chatbot / instant replies, lead-capture form, online appointment booking | Audit issues: 4 high | Health 37.3/65 | Opportunity 15/100",EMAIL_OUTREACH,"Hi there, I was looking at Snap Fitness 24/7 Sydney City and noticed there is no place on the site for visitors to leave their contact details if they aren’t ready to call.
A potential member browsing at night wants to sign up, looks for a form, and finds none.
They leave and book a trial at a competitor that offers a quick sign‑up form.
The site doesn’t capture leads from visitors who prefer to type instead of call.
An AI‑powered WhatsApp lead‑capture widget can collect names and numbers instantly and start a conversation.
Would you like a 60‑second example for Snap Fitness 24/7 Sydney City?"
CrossFit Marrickville,http://crossfitmarrickville.com.au/,+61 401 540 942,info@crossfitmarrickville.com.au,HOT,lead-capture form,"Missing: lead-capture form, online appointment booking | Audit issues: 4 high | Health 46.4/65 | Opportunity 55/100",EMAIL_OUTREACH,"Hi there, I was looking at CrossFit Marrickville and noticed there is no place for visitors to leave their contact details if they aren't ready to call.
A potential member browsing the site at night wants to sign up for a class but doesn't see a form to drop their email or phone, so they can't submit their info.
They leave and later book a trial at a nearby gym that offers a quick sign‑up form, so the competitor gets the lead.
The site currently lacks a lead‑capture form.
We can add a simple AI‑powered WhatsApp capture widget that lets visitors instantly share their details and receive a reply.
Would you like a 60‑second example of how this could work for CrossFit Marrickville?"
Orangetheory Fitness Mosman,https://www.orangetheory.com/en-au/locations/mosman-new-south-wales-aus027,+61 2 9969 5075,studiomanageraus027@orangetheoryfitness.com.au,HOT,AI chatbot / instant replies,"Missing: AI chatbot / instant replies, online appointment booking | Audit issues: 4 high | Health 48.4/65 | Opportunity 40/100",EMAIL_OUTREACH,"Hi there, I was looking at Orangetheory Fitness Mosman and noticed there is no instant reply option for visitors.
A potential member browsing at 8 pm asks about class times, but there is no chatbot or WhatsApp button to answer right away.
They leave the page and book a trial at a nearby gym that offers an instant chat, so the competitor gets the lead.
Without an instant answer, visitors drop off.
A simple AI chatbot with WhatsApp click‑to‑chat can answer questions instantly, even after hours, and capture interest.
Would you like a 60‑second example of how this could work for Orangetheory Fitness Mosman?"
Primal NRG Fitness,http://www.primalnrgfitness.com.au/,+61 482 073 854,info@primalnrgfitness.com.au,HOT,online appointment booking,Missing: online appointment booking | Audit issues: 3 high | Health 46/65 | Opportunity 70/100,EMAIL_OUTREACH,"Hi there, I was looking at Primal NRG Fitness and noticed you don’t have an online appointment booking system.
A potential member browsing at 8 pm wants to schedule a personal training session, clicks around for a booking option and finds nothing they can do on the site.
They leave and book with a nearby gym that offers instant online scheduling, so you lose that lead.
Without a way to book outside business hours, visitors can’t secure a slot.
I can add an AI WhatsApp booking bot that lets users schedule sessions instantly, day or night.
Would you like a 60‑second example for Primal NRG Fitness?"
Rise & Conquer CrossFit,http://www.riseandconquercrossfit.com/,+61 430 048 884,info@riseandconquercrossfit.com,WARM,lead-capture form,"Missing: AI chatbot / instant replies, lead-capture form, tap-to-call button, online appointment booking | Audit issues: 3 high | Health 45.7/65 | Opportunity 10/100",EMAIL_OUTREACH,"Hi there, I was looking at Rise & Conquer CrossFit and noticed there is no place for visitors to leave their contact details.
If a potential member lands on the site in the evening and wants to sign up for a trial, they have nowhere to submit their phone or email.
They may leave and call a nearby gym that shows a simple sign‑up form, so that gym captures the lead instead.
The site currently lacks a lead‑capture form.
I can add an AI‑powered WhatsApp lead capture widget that lets visitors instantly drop their details and get a reply.
Would you like a 60‑second example for Rise & Conquer CrossFit?"
All Grit CrossFit,http://www.allgritcrossfit.com.au/,+61 406 437 055,parra@agcf.com.au,WARM,lead-capture form,"Missing: AI chatbot / instant replies, lead-capture form | Audit issues: 3 high | Health 37.6/65 | Opportunity 27.5/100",EMAIL_OUTREACH,"Hi there, I was looking at All Grit CrossFit and noticed there’s no place for visitors to leave their contact details if they’re not ready to call.
If someone lands on the site in the evening wanting to learn about membership options but doesn’t want to pick up the phone, they’ll scroll around and find no form to drop their email or phone.
They’ll likely go to a nearby gym that offers a quick sign‑up form and end up joining there instead.
All Grit CrossFit currently lacks a lead‑capture form.
A simple AI‑powered WhatsApp lead form can collect names, numbers and interests instantly, even after hours.
Would you like a 60‑second example of how this could work for All Grit CrossFit?"
Creature Fitness Bondi Junction,http://www.creaturefitness.com.au/,+61 433 944 438,admin@creaturefitness.com.au,HOT,lead-capture form,"Missing: lead-capture form, tap-to-call button, online appointment booking | Audit issues: 3 high | Health 46/65 | Opportunity 45/100",EMAIL_OUTREACH,"Hi there, I was looking at Creature Fitness Bondi Junction and noticed there’s no place for visitors to leave their contact details if they’re not ready to call.
A potential member browsing at night, interested in a personal training package, lands on the site and can’t find a form to submit their name and phone.
They leave and end up contacting a nearby gym that offers a simple sign‑up form, so you lose that lead.
Without a lead‑capture form you miss people who prefer to reach out later.
An AI‑driven WhatsApp lead widget can pop up on the page and collect their details instantly.
Would you like a 60‑second example of how this could work for Creature Fitness?"
Accelerate Strength,http://www.acceleratestrength.com.au/,+61 498 281 066,info@acceleratestrength.com.au,HOT,online appointment booking,Missing: online appointment booking | Audit issues: 3 high | Health 46/65 | Opportunity 60/100,EMAIL_OUTREACH,"Hi there, I was looking at Accelerate Strength and noticed you don’t have an online appointment booking option.
A potential member browsing at 8 pm, after the gym’s front desk is closed, clicks ‘Schedule a session’ and finds no way to pick a time.
They leave and book with a nearby gym that lets them reserve a slot instantly online.
Without a booking system, late‑hour visitors can’t secure a spot.
A simple AI‑powered WhatsApp booking bot can let clients choose and confirm sessions any time, even after hours.
Would you like a 60‑second example of how this could work for Accelerate Strength?"
Berryfit sydney,http://berryfit.com.au/,+61 492 182 785,hello@berryfit.com.au,HOT,tap-to-call button,"Missing: tap-to-call button, online appointment booking | Audit issues: 2 high | Health 46/65 | Opportunity 57.5/100",EMAIL_OUTREACH,"Hi there, I was looking at Berryfit sydney and noticed there is no tap-to-call button on the site.
A potential member browsing on their phone in the evening wants to call right away, but they have to scroll, copy the number, and dial manually.
They may switch to a nearby gym that lets them tap the number and call instantly, so they get a quick response.
Without a clickable phone link, the call step is cumbersome.
I can add a simple tap-to-call button that works on all devices and connects directly to your WhatsApp line for instant replies.
Would you like a 60‑second example for Berryfit sydney?"
Fitillion,https://fitillion.com/,+61 2 7257 3337,,WARM,lead-capture form,"Missing: AI chatbot / instant replies, lead-capture form, tap-to-call button, online appointment booking | Audit issues: 2 high | Health 48.4/65 | Opportunity 12.5/100",PHONE_OUTREACH,"Hi there, I was looking at Fitillion and noticed there is no place for visitors to leave their contact details.
Imagine a potential member browsing the class schedule in the evening, interested but not ready to call, and they can’t submit their email or phone.
They leave the site and later sign up with a nearby gym that has a quick lead form.
Fitillion currently offers no way for prospects to drop their info.
I can add a simple AI‑powered WhatsApp lead‑capture widget that records their details and sends an instant follow‑up.
Would you like a 60‑second example for Fitillion?"
SOHO Gym + Recovery,https://soho.sydney/,+61 451 137 819,info@soho.sydney,HOT,lead-capture form,"Missing: AI chatbot / instant replies, lead-capture form, online appointment booking | Audit issues: 5 high | Health 24.7/65 | Opportunity 22.5/100",EMAIL_OUTREACH,"Hi there, I was looking at SOHO Gym + Recovery and noticed there’s no way for a visitor to leave their contact details if they’re not ready to call.
If a potential member visits the site in the evening looking to join a class and wants to request more info, they’ll find no form to submit their name or email and have to wait to call.
They may then go to a competitor that offers a quick contact form and book a trial, taking the lead away.
The site currently lacks a lead‑capture form.
An AI‑powered WhatsApp widget can collect names, emails and preferences instantly, even after hours.
Would you like a 60‑second example of how this could work for SOHO Gym + Recovery?"
The Gym Condell Park | Crossfit & Hyrox,https://thegymcp.com.au/,+61 422 975 711,info@thegymcp.com.au,WARM,AI chatbot / instant replies,"Missing: AI chatbot / instant replies, tap-to-call button, online appointment booking | Audit issues: 2 high | Health 35.9/65 | Opportunity 15/100",EMAIL_OUTREACH,"Hi there, I was looking at The Gym Condell Park and noticed there is no instant answer option after hours.
If someone lands on the site at 8 pm looking for today’s CrossFit class times, they can’t get an immediate reply because there’s no chatbot or WhatsApp link.
They’ll likely switch to a nearby gym that offers an instant chat and get the info right away.
The site currently provides no instant answer for visitors outside business hours.
A simple AI chatbot with WhatsApp integration can answer questions instantly, capture leads and keep prospects engaged.
Would you like a 60‑second example of how this could work for The Gym Condell Park?"
CrossFit Never Quit,http://crossfitneverquit.com.au/,+61 415 690 909,info@crossfitneverquit.com.au,HOT,AI chatbot / instant replies,"Missing: AI chatbot / instant replies, online appointment booking | Audit issues: 1 high | Health 40.4/65 | Opportunity 42.5/100",EMAIL_OUTREACH,"Hi there, I was looking at CrossFit Never Quit and noticed there's no way for visitors to get an instant answer, especially after hours.
A potential member lands on your site at 8 pm, wants to know tonight’s class schedule, clicks around and finds no chat window to ask right away.
They leave and book a trial with a nearby gym that offers an instant chat, so they get the info they need immediately.
Without an instant reply option, visitors are left hanging.
I can add an AI‑powered WhatsApp chatbot that answers questions instantly, even after hours, and captures leads.
Would you like a 60‑second example of how this could work for CrossFit Never Quit?"
Prime Strength,http://www.primestrength.com.au/,+61 428 877 307,info@primestrength.com.au,HOT,lead-capture form,"Missing: lead-capture form, online appointment booking | Audit issues: 3 high | Health 43.1/65 | Opportunity 37.5/100",EMAIL_OUTREACH,"Hi there, I was looking at Prime Strength and noticed there is no place for a visitor to leave their contact details if they aren’t ready to call.
Imagine a potential member browsing the site at 8 pm, wants to know about membership options, but can’t find a form to submit their name and phone.
They leave the page and call a nearby gym that has a quick sign‑up form, so the competitor captures the lead.
Prime Strength currently lacks a lead‑capture form.
I can add an AI‑powered WhatsApp lead capture that lets visitors drop their info and receive an instant reply, even after hours.
Would you like a 60‑second example for Prime Strength?"
South West Strength & Conditioning,https://southwesthealth.com.au/strength-conditioning/,+61 482 097 294,info@southwesthealth.com.au,WARM,lead-capture form,"Missing: AI chatbot / instant replies, lead-capture form, online appointment booking | Audit issues: 6 high | Health 42.2/65 | Opportunity 15/100",EMAIL_OUTREACH,"Hi there, I was looking at South West Strength & Conditioning and noticed there is no place for visitors to leave their contact details.
A potential member browsing at night wants to ask about class times but sees no form to drop their phone or email, only a call button.
They leave the site and call a nearby gym that has a quick sign‑up form, so that gym captures the lead instead.
Without a lead‑capture form the site loses inquiries from people not ready to call.
I can add a simple AI‑powered WhatsApp lead form that lets visitors submit their details instantly and get an automated reply.
Would you like a 60‑second example of how this could work for South West Strength & Conditioning?"
HIRT club,http://www.hirtclub.com/,+61 422 548 346,,HOT,lead-capture form,"Missing: AI chatbot / instant replies, lead-capture form, tap-to-call button, online appointment booking | Audit issues: 3 high | Health 20.4/65 | Opportunity 0/100",PHONE_OUTREACH,"Hi there, I was looking at HIRT club and noticed there’s no place for visitors to leave their contact details.
If a potential member lands on the site in the evening, wants to sign up for a class but isn’t ready to call, they won’t find any form to drop their name or email.
They’ll likely leave and book a trial at a nearby gym that offers a quick sign‑up form.
The site currently has no lead‑capture form.
A simple AI‑powered WhatsApp lead capture widget can collect names and numbers instantly, even after hours.
Would you like a 60‑second example of how this could work for HIRT club?"
Play Fitness and Performance,https://playsydney.com.au/,+61 481 977 614,train@playsydney.com.au,HOT,lead-capture form,"Missing: AI chatbot / instant replies, lead-capture form, tap-to-call button, online appointment booking | Audit issues: 1 critical, 4 high | Health 15.2/65 | Opportunity 0/100",EMAIL_OUTREACH,"Hi there, I was looking at Play Fitness and Performance and noticed there’s no way for visitors to leave their contact details if they’re not ready to call.
Imagine a prospect browsing your class schedule at 8 pm, wanting to ask about personal training, but finding no form to drop their phone or email.
They leave and book a free trial at a nearby gym that offers a quick sign‑up form.
Without a lead‑capture form the site loses those late‑night inquiries.
I can add an AI‑powered WhatsApp lead capture that lets visitors instantly submit their info and receive a fast reply.
Would you like a 60‑second example for Play Fitness?"
The Training Collective,https://trainingcollective.com.au/,+61 431 596 134,chris@trainingcollective.com.au,HOT,lead-capture form,"Missing: AI chatbot / instant replies, lead-capture form, online appointment booking | Audit issues: 5 high | Health 48.3/65 | Opportunity 15/100",EMAIL_OUTREACH,"Hi there, I was looking at The Training Collective and noticed there’s no place for visitors to leave their details if they aren’t ready to call.
Imagine a potential member browsing at night, wanting to join a class but not wanting to call right then; they can’t drop their name or phone number because there’s no lead form.
They leave the site and sign up with a nearby gym that offers a quick contact form.
The site currently lacks a lead‑capture form.
I can add a WhatsApp AI lead‑capture widget that lets prospects submit their info instantly, even after hours.
Would you like a 60‑second example for The Training Collective?"
98 Gym Riley Street,https://www.98training.com/locations/riley-street,+61 437 436 027,rileyst@98gym.com,HOT,online appointment booking,Missing: online appointment booking | Audit issues: 1 high | Health 30.2/65 | Opportunity 52.5/100,EMAIL_OUTREACH,"Hi there, I was looking at 98 Gym Riley Street and noticed you don’t have an online appointment booking option.
A potential member browsing at 8 pm wants to schedule a training session, but there’s no way to book a slot on the site.
They leave and book with a nearby gym that lets them reserve a class instantly.
Without online booking, you lose those after‑hours inquiries.
I can add a simple WhatsApp‑based booking bot that lets visitors pick a time and confirm instantly, even after hours.
Would you like a 60‑second example of how this could work for 98 Gym Riley Street?"
Ultimate Fitness Centre - 305 Kent & 120 Sussex St Sydney,http://ultimatefitnesscentre.com.au/,+61 409 207 575,info@ultimatefitnesscentre.com.au,HOT,lead-capture form,"Missing: AI chatbot / instant replies, lead-capture form, online appointment booking | Audit issues: 5 high | Health 28.9/65 | Opportunity 12.5/100",EMAIL_OUTREACH,"Hi there, I was looking at Ultimate Fitness Centre and noticed there’s no place on the site for visitors to leave their contact details.
A potential member browsing at 8 pm, after the gym is closed, wants to ask about membership options but can’t find a form to submit their email or phone.
They leave the page and end up contacting a nearby gym that has a quick sign‑up form, so that gym gets the lead instead.
Right now, the site offers no way to capture leads from visitors who aren’t ready to call.
A simple AI‑powered WhatsApp lead‑capture widget can collect their details instantly and feed them directly to your CRM.
Would you be open to a 60‑second example for Ultimate Fitness Centre?"
The Gym,http://www.thegymstleonards.com.au/,+61 480 021 448,ani@groupfittraining.com.au,HOT,lead-capture form,"Missing: AI chatbot / instant replies, lead-capture form, tap-to-call button, online appointment booking | Audit issues: 4 high | Health 44.3/65 | Opportunity 17.5/100",EMAIL_OUTREACH,"Hi there, I was looking at The Gym and noticed there’s no place for visitors to leave their contact details if they’re not ready to call.
A potential member lands on the site at 8 pm, wants to join a yoga class, and can’t find any form to drop their email or phone, so they leave the page.
A nearby gym that shows a quick sign‑up form captures that info and follows up, winning the member instead.
The Gym currently has no lead‑capture form.
Adding a WhatsApp‑linked lead capture form that records details instantly and sends an auto‑reply solves that.
Would you like a 60‑second example of how this could work for The Gym?"
Feel Good Health and Performance,http://www.fghp.com.au/,+61 422 677 595,,WARM,tap-to-call button,"Missing: tap-to-call button, online appointment booking | Audit issues: 1 high | Health 34.6/65 | Opportunity 40/100",PHONE_OUTREACH,"Hi there, I was looking at Feel Good Health and Performance and noticed there is no tap-to-call button on the site.
If someone lands on the homepage on their phone at 7 pm looking to schedule a quick workout session, they have to scroll through the page to find a phone number and then manually copy it before they can call.
A competitor that shows a tap‑to‑call link lets the visitor dial instantly, so they get the appointment instead.
That missing tap‑to‑call button adds friction for mobile users.
I can add a WhatsApp‑enabled tap‑to‑call button that gives an instant click‑to‑call option and follows up automatically.
Would you like a 60‑second example of how it would work for Feel Good Health and Performance?"
CrossFit Active,http://www.crossfitactive.com.au/,+61 424 836 725,,WARM,lead-capture form,"Missing: lead-capture form, tap-to-call button, online appointment booking | Audit issues: 2 high | Health 47.4/65 | Opportunity 27.5/100",PHONE_OUTREACH,"Hi there, I was looking at CrossFit Active and noticed there’s no place for visitors to leave their contact info if they aren’t ready to call.
A potential member browses the site at night, wants to join a class, but can’t find any form to drop their email or phone.
They leave the page and later sign up with a nearby gym that offers a quick sign‑up form.
The site currently doesn’t capture leads from interested visitors.
I can add an AI‑powered WhatsApp lead‑capture form that gathers contact details instantly.
Would you like a 60‑second example of how this could work for CrossFit Active?"
Total Conditioning Group Fitness & Strength Gym - Inner West Sydney,http://totalconditioning.com.au/,+61 401 697 057,train@totalconditioning.com.au,HOT,lead-capture form,"Missing: AI chatbot / instant replies, lead-capture form, online appointment booking | Audit issues: 4 high | Health 45.7/65 | Opportunity 12.5/100",EMAIL_OUTREACH,"Hi there, I was looking at Total Conditioning Group Fitness & Strength Gym - Inner West Sydney and noticed there’s no place for visitors to leave their contact details if they’re not ready to call.
A potential member browsing the site at night, wanting to know class schedules, would have nowhere to drop an email or phone number.
They’ll likely leave and book with a nearby gym that offers a quick sign‑up form.
The site currently lacks a lead‑capture form.
We can add a WhatsApp‑connected AI widget that captures leads instantly and replies with the info they need.
Would you be open to a 60‑second example for Total Conditioning Group Fitness & Strength Gym?"
Rec Gym Kirrawee,http://www.recgymkirrawee.com/,+61 401 925 192,info@recgymkirrawee.com,HOT,lead-capture form,"Missing: lead-capture form, online appointment booking | Audit issues: 2 high | Health 31.4/65 | Opportunity 45/100",EMAIL_OUTREACH,"Hi there, I was looking at Rec Gym Kirrawee and noticed there’s no place on the site for visitors to leave their contact details if they’re not ready to call.
A visitor on a Sunday night wants membership info and would like to leave their email, but only a phone number is shown, so they can’t submit details.
They leave and contact a rival gym that offers a quick sign‑up form, so that gym gets the lead.
Right now the site doesn’t capture leads from browsers.
We can add a simple AI‑powered WhatsApp lead‑capture widget that lets visitors type their details and get an instant reply, even after hours.
Would you like a 60‑second example of how this could work for Rec Gym Kirrawee?"
CrossFit Valve,https://crossfitvalve.com.au/,+61 422 179 199,info@crossfitvalve.com.au,HOT,lead-capture form,"Missing: AI chatbot / instant replies, lead-capture form, online appointment booking | Audit issues: 4 high | Health 48.4/65 | Opportunity 20/100",EMAIL_OUTREACH,"Hi there, I was looking at CrossFit Valve and noticed there’s no place for visitors to leave their details if they’re not ready to call.
A potential member browsing on their phone after work at 7 pm wants to join a class but doesn’t want to call right then, so they look for a quick form and find nothing.
They leave the site and sign up with a nearby gym that shows a simple sign‑up form, so the competitor captures the lead instead.
CrossFit Valve currently lacks a lead‑capture form.
A WhatsApp‑linked AI lead‑capture widget can collect names and numbers instantly, even after hours.
Would you like a 60‑second example of how this could work for CrossFit Valve?"
Southend CrossFit Maroubra,https://southendcrossfit.com.au/,+61 466 302 783,,WARM,tap-to-call button,"Missing: tap-to-call button, online appointment booking | Health 37.3/65 | Opportunity 40/100",PHONE_OUTREACH,"Hi there, I was looking at Southend CrossFit Maroubra and noticed there’s no tap‑to‑call button on the site.
If a potential member lands on the page on their phone after hours and wants to call right away, they have to scroll, find the number and copy‑paste it, which is clunky.
A nearby gym with a simple tap‑to‑call link lets the visitor call instantly, so they get the info and may sign up instead.
Right now visitors can’t call you with one tap.
We can add a WhatsApp click‑to‑chat button that works like a tap‑to‑call, giving instant contact on mobile.
Would you like a 60‑second example of how this could work for Southend CrossFit Maroubra?"
MaxFit Strength & Conditioning Gym Rouse Hill,http://www.maxfitthehills.com/,+61 431 100 765,,WARM,AI chatbot / instant replies,"Missing: AI chatbot / instant replies, tap-to-call button, online appointment booking | Audit issues: 1 high | Health 47.1/65 | Opportunity 27.5/100",PHONE_OUTREACH,"Hi there, I was looking at MaxFit Strength & Conditioning Gym Rouse Hill and noticed no instant answer option after hours.
A potential member browsing at 9 pm wants to know today’s class times, clicks for help and finds no chat or WhatsApp to answer them.
They leave the site and call a nearby gym that offers a 24/7 chatbot, so they sign up there instead.
The lack of an instant reply tool lets visitors slip away.
I can add a simple AI‑powered WhatsApp chatbot that answers questions instantly, even outside business hours.
Would you like a 60‑second example for MaxFit Strength & Conditioning Gym Rouse Hill?"
Aspire Strength & Conditioning,http://www.aspirestrength.com.au/,+61 466 930 077,,HOT,tap-to-call button,"Missing: AI chatbot / instant replies, tap-to-call button, online appointment booking | Audit issues: 3 high | Health 38.5/65 | Opportunity 22.5/100",PHONE_OUTREACH,"Hi there, I was looking at Aspire Strength & Conditioning and noticed there is no tap-to-call button on the site.
If a potential member lands on the homepage on their phone at 8 pm looking to ask about class times, they have to scroll to find a phone number and then copy‑paste it into their dialer.
They may give up and call a nearby gym that has a big call button, so that gym gets the signup.
The lack of a simple call button makes it harder for mobile visitors to reach you.
We can add an instant WhatsApp‑linked tap‑to‑call widget that lets anyone call you with one tap, even after hours.
Would you like a 60‑second example of how this would work for Aspire Strength & Conditioning?"
CrossFit Parramatta,http://www.rushhour.net.au/,+61 1300 007 874,%20info@rushhour.net.au,HOT,AI chatbot / instant replies,"Missing: AI chatbot / instant replies, online appointment booking | Audit issues: 4 high | Health 33.9/65 | Opportunity 30/100",EMAIL_OUTREACH,"Hi there, I was looking at CrossFit Parramatta and noticed there is no instant way to get answers after hours.
A potential member browsing at 9 pm wants to know tonight’s class schedule, but there’s no chatbot or WhatsApp link to reply right away.
They leave the page and book with a nearby gym that offers an instant chat, so you lose the lead.
The site doesn’t provide an instant reply option after hours.
We can add an AI‑powered WhatsApp chatbot that answers questions instantly, even when the gym is closed.
Would you like a 60‑second example of how this could work for CrossFit Parramatta?"
CONDITN. Training Martin Place,https://conditn.com/martinplace,+61 452 454 592,martinplace@conditn.com,HOT,lead-capture form,"Missing: lead-capture form, tap-to-call button, online appointment booking | Audit issues: 3 high | Health 46.7/65 | Opportunity 30/100",EMAIL_OUTREACH,"Hi there, I was looking at CONDITN. Training Martin Place and noticed there is no place for visitors to leave their contact details.
A potential member browsing the site in the evening wants to get more info but finds no form to submit their phone or email.
They leave the page and book a trial with a nearby gym that lets them drop their details instantly.
There’s simply no lead‑capture form on the site.
I can add an AI‑powered WhatsApp lead capture widget that lets visitors submit their info and notifies you instantly.
Would you like a 60‑second example of how this could work for CONDITN. Training Martin Place?"
Performance Playground,https://www.performanceplayground.com.au/,+61 439 426 595,info@performanceplayground.com.au,HOT,online appointment booking,Missing: online appointment booking | Audit issues: 3 high | Health 38.6/65 | Opportunity 70/100,EMAIL_OUTREACH,"Hi there, I was looking at Performance Playground and noticed no online appointment booking.
A potential member visits the site at 8 pm, after the gym is closed, and wants to schedule a personal training session, but there’s no way to book a slot on the site.
They leave and book with a nearby gym that offers a simple after‑hours booking form.
Without an online booking option, visitors can’t secure a time when you’re closed.
I can add an AI‑powered WhatsApp booking flow that lets visitors pick a session instantly, even after hours.
Would you like a 60‑second example for Performance Playground?"
CrossFit Geo,http://www.crossfitgeo.com.au/,+61 414 999 519,train@crossfitgeo.com.au,HOT,lead-capture form,"Missing: AI chatbot / instant replies, lead-capture form, tap-to-call button, online appointment booking | Audit issues: 1 critical, 4 high | Health 14.7/65 | Opportunity 0/100",EMAIL_OUTREACH,"Hi there, I was looking at CrossFit Geo and noticed there’s no place for visitors to leave their contact details.
If someone lands on the site in the evening wanting to join a class but isn’t ready to call, they have nowhere to submit their name or email.
They’ll likely click over to a nearby gym that has a quick sign‑up form and become a member there instead.
The lack of a lead‑capture form lets potential members slip away.
A simple AI‑powered WhatsApp lead form can collect their info instantly and trigger a follow‑up message.
Would you like a 60‑second example of how this could work for CrossFit Geo?"
Generation Fitness,http://www.generationfitness.com.au/,+61 403 671 789,admin@generationfitness.com.au,HOT,lead-capture form,"Missing: lead-capture form, online appointment booking | Audit issues: 3 high | Health 36/65 | Opportunity 47.5/100",EMAIL_OUTREACH,"Hi there, I was looking at Generation Fitness and noticed there is no place for visitors to leave their contact details if they aren't ready to call.
Imagine a potential member browsing at night, wanting to join a class, and clicking around but not finding any form to submit their name or phone.
They leave the site and later sign up with a nearby gym that offers a quick sign‑up form.
Right now the site has no lead‑capture form.
I can add an AI‑powered WhatsApp lead capture that lets visitors drop their details and receive an instant reply.
Would you like a 60‑second example for Generation Fitness?"
Everyday Performance Training,http://everydayperformancetraining.com/,+61 468 578 178,,HOT,online appointment booking,Missing: online appointment booking | Audit issues: 1 high | Health 34.6/65 | Opportunity 52.5/100,PHONE_OUTREACH,"Hi there, I was looking at Everyday Performance Training and noticed there is no way to book a session online.
A potential member browsing at 8 pm, after the gym is closed, wants to reserve a class but sees only a phone number and no booking button.
They leave the site and book with a nearby gym that offers a 24/7 online scheduler.
The site currently can’t accept appointments outside business hours.
Adding an AI‑powered WhatsApp booking bot would let visitors schedule sessions instantly, any time of day.
Would you like a 60‑second example of how this could work for Everyday Performance Training?"
FORT Strength and Conditioning Gym,https://www.fortgym.com.au/,+61 489 074 487,,HOT,online appointment booking,Missing: online appointment booking | Audit issues: 2 high | Health 36.6/65 | Opportunity 60/100,PHONE_OUTREACH,"Hi there, I was looking at FORT Strength and Conditioning Gym and noticed you don’t have online appointment booking.
A potential member browsing the site at 8 pm wants to lock in a training slot, but there’s no way to schedule it on the page and they have to wait until morning to call.
They leave and book with a competitor that lets them pick a time instantly.
The site currently has no way to book a session outside business hours.
We can add a WhatsApp‑enabled AI bot that lets visitors select a slot and confirm instantly, 24/7.
Would you like a 60‑second example of how this could work for FORT Strength and Conditioning Gym?"
CrossFit Living The Dream,https://crossfitltd.com.au/,+61 412 326 254,info@crossfitltd.com.au,WARM,AI chatbot / instant replies,"Missing: AI chatbot / instant replies, online appointment booking | Audit issues: 3 high | Health 33.9/65 | Opportunity 25/100",EMAIL_OUTREACH,"Hi there, I was looking at CrossFit Living The Dream and noticed no instant way to get answers after hours.
A visitor browsing at night wants to know tonight’s class schedule, but there’s no chatbot or WhatsApp link to reply instantly.
They leave the page and call a nearby gym that offers an instant chat, so the competitor captures the lead.
The site currently provides no instant reply option.
I can set up an AI‑powered WhatsApp chatbot that answers questions right away, even outside business hours.
Would you like a 60‑second example for CrossFit Living The Dream?"
Salt Shed Training,http://www.crossfitsaltshed.com/,+61 413 246 822,,HOT,lead-capture form,"Missing: AI chatbot / instant replies, lead-capture form, online appointment booking | Audit issues: 5 high | Health 31/65 | Opportunity 22.5/100",PHONE_OUTREACH,"Hi there, I was looking at Salt Shed Training and noticed there’s no place for visitors to leave their details if they’re not ready to call.
Imagine someone browsing at 7 pm, interested in a personal‑training package, but they don’t want to pick up the phone right then. They scroll for a contact form, find none, and get stuck.
They leave the site and book a free trial with a nearby gym that shows a simple lead form, so the competitor captures the prospect.
The lack of a lead‑capture form means you lose those late‑hour inquiries.
A quick AI‑powered WhatsApp lead form can collect names, emails and interests instantly, even after hours.
Would you like a 60‑second example of how this could work for Salt Shed Training?"
GREATER WEST HQ,http://greaterwesthq.au/,+61 421 951 239,info@greaterwesthq.au,HOT,lead-capture form,"Missing: lead-capture form, online appointment booking | Audit issues: 4 high | Health 33.1/65 | Opportunity 47.5/100",EMAIL_OUTREACH,"Hi there, I was looking at GREATER WEST HQ and noticed there is no place for visitors to leave their contact details if they aren't ready to call.
A potential member browsing at night, interested in a personal training package, clicks the contact button, but finds no form to type their name or phone.
They leave the site and later sign up with a nearby gym that offers a quick sign‑up form.
The site currently lacks a lead‑capture form.
I can add a simple AI‑powered WhatsApp lead capture widget that lets visitors submit their info instantly, 24/7.
Would you like a 60‑second example of how it could work for GREATER WEST HQ?"
MOVE METHOD SYDNEY,http://www.movemethod.com.au/,+61 404 477 088,apeacock.pt1@gmail.com,WARM,AI chatbot / instant replies,"Missing: AI chatbot / instant replies, tap-to-call button, online appointment booking | Audit issues: 3 high | Health 46/65 | Opportunity 25/100",EMAIL_OUTREACH,"Hi there, I was looking at Move Method Sydney and noticed there’s no instant answer option after hours.
If a potential member lands on the site at 8 pm looking for tonight’s class times, they can’t get an immediate reply because there’s no chatbot or WhatsApp link.
They’ll likely switch to a nearby gym that offers an instant chat and get the info right away.
The site currently provides no instant answer after hours.
A simple AI‑powered chatbot with WhatsApp click‑to‑chat can answer queries instantly, even when the gym is closed.
Would you like a 60‑second example of how this could work for Move Method Sydney?"
Elite Functional Training,http://elitefunctionaltraining.com.au/,+61 439 853 603,,HOT,lead-capture form,"Missing: lead-capture form, tap-to-call button, online appointment booking | Audit issues: 2 high | Health 21.4/65 | Opportunity 25/100",PHONE_OUTREACH,"Hi there, I was looking at Elite Functional Training and noticed there is no place for visitors to leave their contact details.
If someone lands on your site in the evening, wants to sign up for a class but isn’t ready to call, they have nowhere to drop their email or phone.
They will likely leave and book with a nearby gym that has a simple sign‑up form, giving that competitor the lead.
The site currently lacks a lead‑capture form.
A lightweight AI‑powered WhatsApp lead capture widget can collect names, numbers and preferences instantly, even after hours.
Would you like a 60‑second example of how this could work for Elite Functional Training?"
